year,quarter,state,state_code,state_full,weekly_income
2000,1,AL,1,Alabama,555
2000,2,AL,1,Alabama,545
2000,3,AL,1,Alabama,546
2000,4,AL,1,Alabama,586
2001,1,AL,1,Alabama,574
2001,2,AL,1,Alabama,565
2001,3,AL,1,Alabama,568
2001,4,AL,1,Alabama,608
2002,1,AL,1,Alabama,589
2002,2,AL,1,Alabama,586
2002,3,AL,1,Alabama,589
2002,4,AL,1,Alabama,632
2003,1,AL,1,Alabama,612
2003,2,AL,1,Alabama,603
2003,3,AL,1,Alabama,607
2003,4,AL,1,Alabama,657
2004,1,AL,1,Alabama,626
2004,2,AL,1,Alabama,620
2004,3,AL,1,Alabama,629
2004,4,AL,1,Alabama,695
2005,1,AL,1,Alabama,641
2005,2,AL,1,Alabama,644
2005,3,AL,1,Alabama,669
2005,4,AL,1,Alabama,706
2006,1,AL,1,Alabama,692
2006,2,AL,1,Alabama,673
2006,3,AL,1,Alabama,682
2006,4,AL,1,Alabama,738
2007,1,AL,1,Alabama,717
2007,2,AL,1,Alabama,697
2007,3,AL,1,Alabama,707
2007,4,AL,1,Alabama,763
2008,1,AL,1,Alabama,739
2008,2,AL,1,Alabama,720
2008,3,AL,1,Alabama,731
2008,4,AL,1,Alabama,791
2009,1,AL,1,Alabama,737
2009,2,AL,1,Alabama,733
2009,3,AL,1,Alabama,744
2009,4,AL,1,Alabama,819
2010,1,AL,1,Alabama,735
2010,2,AL,1,Alabama,750
2010,3,AL,1,Alabama,774
2010,4,AL,1,Alabama,839
2011,1,AL,1,Alabama,765
2011,2,AL,1,Alabama,768
2011,3,AL,1,Alabama,803
2011,4,AL,1,Alabama,832
2012,1,AL,1,Alabama,808
2012,2,AL,1,Alabama,783
2012,3,AL,1,Alabama,784
2012,4,AL,1,Alabama,855
2013,1,AL,1,Alabama,812
2013,2,AL,1,Alabama,793
2013,3,AL,1,Alabama,795
2013,4,AL,1,Alabama,851
2014,1,AL,1,Alabama,826
2014,2,AL,1,Alabama,806
2014,3,AL,1,Alabama,815
2014,4,AL,1,Alabama,882
2015,1,AL,1,Alabama,844
2015,2,AL,1,Alabama,819
2015,3,AL,1,Alabama,829
2015,4,AL,1,Alabama,913
2016,1,AL,1,Alabama,841
2016,2,AL,1,Alabama,835
2016,3,AL,1,Alabama,870
2016,4,AL,1,Alabama,902
2017,1,AL,1,Alabama,893
2017,2,AL,1,Alabama,858
2000,1,AK,2,Alaska,674
2000,2,AK,2,Alaska,670
2000,3,AK,2,Alaska,676
2000,4,AK,2,Alaska,688
2001,1,AK,2,Alaska,683
2001,2,AK,2,Alaska,693
2001,3,AK,2,Alaska,692
2001,4,AK,2,Alaska,713
2002,1,AK,2,Alaska,703
2002,2,AK,2,Alaska,707
2002,3,AK,2,Alaska,708
2002,4,AK,2,Alaska,738
2003,1,AK,2,Alaska,707
2003,2,AK,2,Alaska,723
2003,3,AK,2,Alaska,730
2003,4,AK,2,Alaska,747
2004,1,AK,2,Alaska,733
2004,2,AK,2,Alaska,735
2004,3,AK,2,Alaska,755
2004,4,AK,2,Alaska,781
2005,1,AK,2,Alaska,743
2005,2,AK,2,Alaska,756
2005,3,AK,2,Alaska,797
2005,4,AK,2,Alaska,795
2006,1,AK,2,Alaska,790
2006,2,AK,2,Alaska,788
2006,3,AK,2,Alaska,797
2006,4,AK,2,Alaska,836
2007,1,AK,2,Alaska,831
2007,2,AK,2,Alaska,834
2007,3,AK,2,Alaska,841
2007,4,AK,2,Alaska,877
2008,1,AK,2,Alaska,865
2008,2,AK,2,Alaska,860
2008,3,AK,2,Alaska,873
2008,4,AK,2,Alaska,927
2009,1,AK,2,Alaska,886
2009,2,AK,2,Alaska,892
2009,3,AK,2,Alaska,887
2009,4,AK,2,Alaska,959
2010,1,AK,2,Alaska,879
2010,2,AK,2,Alaska,917
2010,3,AK,2,Alaska,926
2010,4,AK,2,Alaska,987
2011,1,AK,2,Alaska,912
2011,2,AK,2,Alaska,941
2011,3,AK,2,Alaska,963
2011,4,AK,2,Alaska,981
2012,1,AK,2,Alaska,973
2012,2,AK,2,Alaska,955
2012,3,AK,2,Alaska,961
2012,4,AK,2,Alaska,1006
2013,1,AK,2,Alaska,988
2013,2,AK,2,Alaska,969
2013,3,AK,2,Alaska,989
2013,4,AK,2,Alaska,1022
2014,1,AK,2,Alaska,1024
2014,2,AK,2,Alaska,1004
2014,3,AK,2,Alaska,1019
2014,4,AK,2,Alaska,1064
2015,1,AK,2,Alaska,1049
2015,2,AK,2,Alaska,1028
2015,3,AK,2,Alaska,1042
2015,4,AK,2,Alaska,1095
2016,1,AK,2,Alaska,1021
2016,2,AK,2,Alaska,1010
2016,3,AK,2,Alaska,1055
2016,4,AK,2,Alaska,1036
2017,1,AK,2,Alaska,1050
2017,2,AK,2,Alaska,1006
2000,1,AZ,4,Arizona,630
2000,2,AZ,4,Arizona,612
2000,3,AZ,4,Arizona,610
2000,4,AZ,4,Arizona,652
2001,1,AZ,4,Arizona,636
2001,2,AZ,4,Arizona,638
2001,3,AZ,4,Arizona,629
2001,4,AZ,4,Arizona,667
2002,1,AZ,4,Arizona,645
2002,2,AZ,4,Arizona,652
2002,3,AZ,4,Arizona,637
2002,4,AZ,4,Arizona,684
2003,1,AZ,4,Arizona,654
2003,2,AZ,4,Arizona,672
2003,3,AZ,4,Arizona,659
2003,4,AZ,4,Arizona,710
2004,1,AZ,4,Arizona,682
2004,2,AZ,4,Arizona,693
2004,3,AZ,4,Arizona,691
2004,4,AZ,4,Arizona,750
2005,1,AZ,4,Arizona,696
2005,2,AZ,4,Arizona,723
2005,3,AZ,4,Arizona,745
2005,4,AZ,4,Arizona,769
2006,1,AZ,4,Arizona,767
2006,2,AZ,4,Arizona,753
2006,3,AZ,4,Arizona,752
2006,4,AZ,4,Arizona,806
2007,1,AZ,4,Arizona,801
2007,2,AZ,4,Arizona,787
2007,3,AZ,4,Arizona,782
2007,4,AZ,4,Arizona,826
2008,1,AZ,4,Arizona,818
2008,2,AZ,4,Arizona,806
2008,3,AZ,4,Arizona,798
2008,4,AZ,4,Arizona,848
2009,1,AZ,4,Arizona,807
2009,2,AZ,4,Arizona,807
2009,3,AZ,4,Arizona,800
2009,4,AZ,4,Arizona,880
2010,1,AZ,4,Arizona,798
2010,2,AZ,4,Arizona,820
2010,3,AZ,4,Arizona,820
2010,4,AZ,4,Arizona,892
2011,1,AZ,4,Arizona,839
2011,2,AZ,4,Arizona,844
2011,3,AZ,4,Arizona,863
2011,4,AZ,4,Arizona,883
2012,1,AZ,4,Arizona,886
2012,2,AZ,4,Arizona,862
2012,3,AZ,4,Arizona,846
2012,4,AZ,4,Arizona,911
2013,1,AZ,4,Arizona,890
2013,2,AZ,4,Arizona,877
2013,3,AZ,4,Arizona,859
2013,4,AZ,4,Arizona,905
2014,1,AZ,4,Arizona,917
2014,2,AZ,4,Arizona,888
2014,3,AZ,4,Arizona,876
2014,4,AZ,4,Arizona,926
2015,1,AZ,4,Arizona,925
2015,2,AZ,4,Arizona,904
2015,3,AZ,4,Arizona,889
2015,4,AZ,4,Arizona,966
2016,1,AZ,4,Arizona,917
2016,2,AZ,4,Arizona,920
2016,3,AZ,4,Arizona,950
2016,4,AZ,4,Arizona,945
2017,1,AZ,4,Arizona,990
2017,2,AZ,4,Arizona,942
2000,1,AR,5,Arkansas,504
2000,2,AR,5,Arkansas,499
2000,3,AR,5,Arkansas,495
2000,4,AR,5,Arkansas,525
2001,1,AR,5,Arkansas,522
2001,2,AR,5,Arkansas,518
2001,3,AR,5,Arkansas,510
2001,4,AR,5,Arkansas,546
2002,1,AR,5,Arkansas,534
2002,2,AR,5,Arkansas,535
2002,3,AR,5,Arkansas,526
2002,4,AR,5,Arkansas,564
2003,1,AR,5,Arkansas,545
2003,2,AR,5,Arkansas,547
2003,3,AR,5,Arkansas,542
2003,4,AR,5,Arkansas,588
2004,1,AR,5,Arkansas,563
2004,2,AR,5,Arkansas,568
2004,3,AR,5,Arkansas,571
2004,4,AR,5,Arkansas,623
2005,1,AR,5,Arkansas,580
2005,2,AR,5,Arkansas,593
2005,3,AR,5,Arkansas,599
2005,4,AR,5,Arkansas,634
2006,1,AR,5,Arkansas,622
2006,2,AR,5,Arkansas,613
2006,3,AR,5,Arkansas,604
2006,4,AR,5,Arkansas,652
2007,1,AR,5,Arkansas,641
2007,2,AR,5,Arkansas,639
2007,3,AR,5,Arkansas,630
2007,4,AR,5,Arkansas,713
2008,1,AR,5,Arkansas,667
2008,2,AR,5,Arkansas,661
2008,3,AR,5,Arkansas,651
2008,4,AR,5,Arkansas,707
2009,1,AR,5,Arkansas,694
2009,2,AR,5,Arkansas,667
2009,3,AR,5,Arkansas,659
2009,4,AR,5,Arkansas,725
2010,1,AR,5,Arkansas,674
2010,2,AR,5,Arkansas,685
2010,3,AR,5,Arkansas,684
2010,4,AR,5,Arkansas,745
2011,1,AR,5,Arkansas,714
2011,2,AR,5,Arkansas,702
2011,3,AR,5,Arkansas,715
2011,4,AR,5,Arkansas,736
2012,1,AR,5,Arkansas,747
2012,2,AR,5,Arkansas,717
2012,3,AR,5,Arkansas,708
2012,4,AR,5,Arkansas,768
2013,1,AR,5,Arkansas,765
2013,2,AR,5,Arkansas,734
2013,3,AR,5,Arkansas,724
2013,4,AR,5,Arkansas,772
2014,1,AR,5,Arkansas,784
2014,2,AR,5,Arkansas,746
2014,3,AR,5,Arkansas,737
2014,4,AR,5,Arkansas,807
2015,1,AR,5,Arkansas,789
2015,2,AR,5,Arkansas,762
2015,3,AR,5,Arkansas,755
2015,4,AR,5,Arkansas,839
2016,1,AR,5,Arkansas,792
2016,2,AR,5,Arkansas,785
2016,3,AR,5,Arkansas,793
2016,4,AR,5,Arkansas,827
2017,1,AR,5,Arkansas,858
2017,2,AR,5,Arkansas,810
2000,1,CA,6,California,801
2000,2,CA,6,California,758
2000,3,CA,6,California,781
2000,4,CA,6,California,834
2001,1,CA,6,California,824
2001,2,CA,6,California,770
2001,3,CA,6,California,758
2001,4,CA,6,California,827
2002,1,CA,6,California,810
2002,2,CA,6,California,772
2002,3,CA,6,California,767
2002,4,CA,6,California,837
2003,1,CA,6,California,818
2003,2,CA,6,California,790
2003,3,CA,6,California,798
2003,4,CA,6,California,870
2004,1,CA,6,California,855
2004,2,CA,6,California,820
2004,3,CA,6,California,829
2004,4,CA,6,California,929
2005,1,CA,6,California,872
2005,2,CA,6,California,850
2005,3,CA,6,California,887
2005,4,CA,6,California,945
2006,1,CA,6,California,951
2006,2,CA,6,California,887
2006,3,CA,6,California,892
2006,4,CA,6,California,988
2007,1,CA,6,California,987
2007,2,CA,6,California,934
2007,3,CA,6,California,932
2007,4,CA,6,California,1035
2008,1,CA,6,California,1006
2008,2,CA,6,California,955
2008,3,CA,6,California,959
2008,4,CA,6,California,1042
2009,1,CA,6,California,994
2009,2,CA,6,California,948
2009,3,CA,6,California,951
2009,4,CA,6,California,1074
2010,1,CA,6,California,1004
2010,2,CA,6,California,980
2010,3,CA,6,California,984
2010,4,CA,6,California,1130
2011,1,CA,6,California,1066
2011,2,CA,6,California,1016
2011,3,CA,6,California,1049
2011,4,CA,6,California,1100
2012,1,CA,6,California,1118
2012,2,CA,6,California,1027
2012,3,CA,6,California,1035
2012,4,CA,6,California,1186
2013,1,CA,6,California,1115
2013,2,CA,6,California,1047
2013,3,CA,6,California,1056
2013,4,CA,6,California,1175
2014,1,CA,6,California,1164
2014,2,CA,6,California,1072
2014,3,CA,6,California,1097
2014,4,CA,6,California,1209
2015,1,CA,6,California,1206
2015,2,CA,6,California,1130
2015,3,CA,6,California,1134
2015,4,CA,6,California,1275
2016,1,CA,6,California,1204
2016,2,CA,6,California,1156
2016,3,CA,6,California,1209
2016,4,CA,6,California,1273
2017,1,CA,6,California,1295
2017,2,CA,6,California,1209
2000,1,CO,8,Colorado,700
2000,2,CO,8,Colorado,690
2000,3,CO,8,Colorado,711
2000,4,CO,8,Colorado,760
2001,1,CO,8,Colorado,746
2001,2,CO,8,Colorado,710
2001,3,CO,8,Colorado,705
2001,4,CO,8,Colorado,759
2002,1,CO,8,Colorado,735
2002,2,CO,8,Colorado,708
2002,3,CO,8,Colorado,712
2002,4,CO,8,Colorado,769
2003,1,CO,8,Colorado,743
2003,2,CO,8,Colorado,724
2003,3,CO,8,Colorado,744
2003,4,CO,8,Colorado,784
2004,1,CO,8,Colorado,770
2004,2,CO,8,Colorado,744
2004,3,CO,8,Colorado,753
2004,4,CO,8,Colorado,831
2005,1,CO,8,Colorado,786
2005,2,CO,8,Colorado,769
2005,3,CO,8,Colorado,808
2005,4,CO,8,Colorado,835
2006,1,CO,8,Colorado,858
2006,2,CO,8,Colorado,794
2006,3,CO,8,Colorado,818
2006,4,CO,8,Colorado,877
2007,1,CO,8,Colorado,888
2007,2,CO,8,Colorado,832
2007,3,CO,8,Colorado,845
2007,4,CO,8,Colorado,927
2008,1,CO,8,Colorado,920
2008,2,CO,8,Colorado,858
2008,3,CO,8,Colorado,877
2008,4,CO,8,Colorado,932
2009,1,CO,8,Colorado,913
2009,2,CO,8,Colorado,851
2009,3,CO,8,Colorado,876
2009,4,CO,8,Colorado,965
2010,1,CO,8,Colorado,912
2010,2,CO,8,Colorado,870
2010,3,CO,8,Colorado,898
2010,4,CO,8,Colorado,1001
2011,1,CO,8,Colorado,952
2011,2,CO,8,Colorado,900
2011,3,CO,8,Colorado,948
2011,4,CO,8,Colorado,975
2012,1,CO,8,Colorado,1003
2012,2,CO,8,Colorado,918
2012,3,CO,8,Colorado,936
2012,4,CO,8,Colorado,1032
2013,1,CO,8,Colorado,1004
2013,2,CO,8,Colorado,933
2013,3,CO,8,Colorado,953
2013,4,CO,8,Colorado,1024
2014,1,CO,8,Colorado,1046
2014,2,CO,8,Colorado,960
2014,3,CO,8,Colorado,982
2014,4,CO,8,Colorado,1068
2015,1,CO,8,Colorado,1071
2015,2,CO,8,Colorado,989
2015,3,CO,8,Colorado,1006
2015,4,CO,8,Colorado,1103
2016,1,CO,8,Colorado,1057
2016,2,CO,8,Colorado,1000
2016,3,CO,8,Colorado,1062
2016,4,CO,8,Colorado,1086
2017,1,CO,8,Colorado,1136
2017,2,CO,8,Colorado,1042
2000,1,CT,9,Connecticut,905
2000,2,CT,9,Connecticut,822
2000,3,CT,9,Connecticut,817
2000,4,CT,9,Connecticut,950
2001,1,CT,9,Connecticut,973
2001,2,CT,9,Connecticut,861
2001,3,CT,9,Connecticut,830
2001,4,CT,9,Connecticut,951
2002,1,CT,9,Connecticut,955
2002,2,CT,9,Connecticut,851
2002,3,CT,9,Connecticut,843
2002,4,CT,9,Connecticut,956
2003,1,CT,9,Connecticut,979
2003,2,CT,9,Connecticut,875
2003,3,CT,9,Connecticut,870
2003,4,CT,9,Connecticut,993
2004,1,CT,9,Connecticut,1043
2004,2,CT,9,Connecticut,907
2004,3,CT,9,Connecticut,917
2004,4,CT,9,Connecticut,1057
2005,1,CT,9,Connecticut,1083
2005,2,CT,9,Connecticut,945
2005,3,CT,9,Connecticut,966
2005,4,CT,9,Connecticut,1079
2006,1,CT,9,Connecticut,1190
2006,2,CT,9,Connecticut,971
2006,3,CT,9,Connecticut,958
2006,4,CT,9,Connecticut,1099
2007,1,CT,9,Connecticut,1262
2007,2,CT,9,Connecticut,1033
2007,3,CT,9,Connecticut,1022
2007,4,CT,9,Connecticut,1150
2008,1,CT,9,Connecticut,1259
2008,2,CT,9,Connecticut,1037
2008,3,CT,9,Connecticut,1033
2008,4,CT,9,Connecticut,1165
2009,1,CT,9,Connecticut,1191
2009,2,CT,9,Connecticut,1034
2009,3,CT,9,Connecticut,1025
2009,4,CT,9,Connecticut,1193
2010,1,CT,9,Connecticut,1206
2010,2,CT,9,Connecticut,1075
2010,3,CT,9,Connecticut,1068
2010,4,CT,9,Connecticut,1226
2011,1,CT,9,Connecticut,1281
2011,2,CT,9,Connecticut,1116
2011,3,CT,9,Connecticut,1118
2011,4,CT,9,Connecticut,1190
2012,1,CT,9,Connecticut,1325
2012,2,CT,9,Connecticut,1111
2012,3,CT,9,Connecticut,1088
2012,4,CT,9,Connecticut,1254
2013,1,CT,9,Connecticut,1319
2013,2,CT,9,Connecticut,1127
2013,3,CT,9,Connecticut,1109
2013,4,CT,9,Connecticut,1244
2014,1,CT,9,Connecticut,1362
2014,2,CT,9,Connecticut,1154
2014,3,CT,9,Connecticut,1124
2014,4,CT,9,Connecticut,1279
2015,1,CT,9,Connecticut,1382
2015,2,CT,9,Connecticut,1178
2015,3,CT,9,Connecticut,1147
2015,4,CT,9,Connecticut,1335
2016,1,CT,9,Connecticut,1362
2016,2,CT,9,Connecticut,1211
2016,3,CT,9,Connecticut,1206
2016,4,CT,9,Connecticut,1289
2017,1,CT,9,Connecticut,1413
2017,2,CT,9,Connecticut,1217
2000,1,DE,10,Delaware,730
2000,2,DE,10,Delaware,659
2000,3,DE,10,Delaware,672
2000,4,DE,10,Delaware,763
2001,1,DE,10,Delaware,762
2001,2,DE,10,Delaware,698
2001,3,DE,10,Delaware,709
2001,4,DE,10,Delaware,788
2002,1,DE,10,Delaware,817
2002,2,DE,10,Delaware,727
2002,3,DE,10,Delaware,725
2002,4,DE,10,Delaware,786
2003,1,DE,10,Delaware,824
2003,2,DE,10,Delaware,749
2003,3,DE,10,Delaware,753
2003,4,DE,10,Delaware,825
2004,1,DE,10,Delaware,844
2004,2,DE,10,Delaware,773
2004,3,DE,10,Delaware,769
2004,4,DE,10,Delaware,882
2005,1,DE,10,Delaware,879
2005,2,DE,10,Delaware,797
2005,3,DE,10,Delaware,822
2005,4,DE,10,Delaware,934
2006,1,DE,10,Delaware,966
2006,2,DE,10,Delaware,851
2006,3,DE,10,Delaware,850
2006,4,DE,10,Delaware,896
2007,1,DE,10,Delaware,986
2007,2,DE,10,Delaware,869
2007,3,DE,10,Delaware,861
2007,4,DE,10,Delaware,925
2008,1,DE,10,Delaware,983
2008,2,DE,10,Delaware,861
2008,3,DE,10,Delaware,877
2008,4,DE,10,Delaware,940
2009,1,DE,10,Delaware,976
2009,2,DE,10,Delaware,858
2009,3,DE,10,Delaware,881
2009,4,DE,10,Delaware,961
2010,1,DE,10,Delaware,971
2010,2,DE,10,Delaware,874
2010,3,DE,10,Delaware,900
2010,4,DE,10,Delaware,1000
2011,1,DE,10,Delaware,1028
2011,2,DE,10,Delaware,926
2011,3,DE,10,Delaware,949
2011,4,DE,10,Delaware,984
2012,1,DE,10,Delaware,1072
2012,2,DE,10,Delaware,947
2012,3,DE,10,Delaware,922
2012,4,DE,10,Delaware,1041
2013,1,DE,10,Delaware,1068
2013,2,DE,10,Delaware,964
2013,3,DE,10,Delaware,940
2013,4,DE,10,Delaware,1033
2014,1,DE,10,Delaware,1110
2014,2,DE,10,Delaware,976
2014,3,DE,10,Delaware,960
2014,4,DE,10,Delaware,1050
2015,1,DE,10,Delaware,1105
2015,2,DE,10,Delaware,996
2015,3,DE,10,Delaware,968
2015,4,DE,10,Delaware,1086
2016,1,DE,10,Delaware,1070
2016,2,DE,10,Delaware,990
2016,3,DE,10,Delaware,1022
2016,4,DE,10,Delaware,1054
2017,1,DE,10,Delaware,1186
2017,2,DE,10,Delaware,1009
2000,1,DC,11,District of Columbia,1012
2000,2,DC,11,District of Columbia,987
2000,3,DC,11,District of Columbia,975
2000,4,DC,11,District of Columbia,1092
2001,1,DC,11,District of Columbia,1082
2001,2,DC,11,District of Columbia,1062
2001,3,DC,11,District of Columbia,1021
2001,4,DC,11,District of Columbia,1136
2002,1,DC,11,District of Columbia,1104
2002,2,DC,11,District of Columbia,1095
2002,3,DC,11,District of Columbia,1063
2002,4,DC,11,District of Columbia,1192
2003,1,DC,11,District of Columbia,1139
2003,2,DC,11,District of Columbia,1148
2003,3,DC,11,District of Columbia,1122
2003,4,DC,11,District of Columbia,1237
2004,1,DC,11,District of Columbia,1225
2004,2,DC,11,District of Columbia,1187
2004,3,DC,11,District of Columbia,1210
2004,4,DC,11,District of Columbia,1291
2005,1,DC,11,District of Columbia,1278
2005,2,DC,11,District of Columbia,1234
2005,3,DC,11,District of Columbia,1262
2005,4,DC,11,District of Columbia,1356
2006,1,DC,11,District of Columbia,1364
2006,2,DC,11,District of Columbia,1301
2006,3,DC,11,District of Columbia,1307
2006,4,DC,11,District of Columbia,1424
2007,1,DC,11,District of Columbia,1426
2007,2,DC,11,District of Columbia,1353
2007,3,DC,11,District of Columbia,1377
2007,4,DC,11,District of Columbia,1494
2008,1,DC,11,District of Columbia,1490
2008,2,DC,11,District of Columbia,1434
2008,3,DC,11,District of Columbia,1392
2008,4,DC,11,District of Columbia,1571
2009,1,DC,11,District of Columbia,1464
2009,2,DC,11,District of Columbia,1425
2009,3,DC,11,District of Columbia,1454
2009,4,DC,11,District of Columbia,1616
2010,1,DC,11,District of Columbia,1504
2010,2,DC,11,District of Columbia,1505
2010,3,DC,11,District of Columbia,1470
2010,4,DC,11,District of Columbia,1688
2011,1,DC,11,District of Columbia,1541
2011,2,DC,11,District of Columbia,1540
2011,3,DC,11,District of Columbia,1524
2011,4,DC,11,District of Columbia,1666
2012,1,DC,11,District of Columbia,1605
2012,2,DC,11,District of Columbia,1543
2012,3,DC,11,District of Columbia,1515
2012,4,DC,11,District of Columbia,1704
2013,1,DC,11,District of Columbia,1616
2013,2,DC,11,District of Columbia,1577
2013,3,DC,11,District of Columbia,1561
2013,4,DC,11,District of Columbia,1636
2014,1,DC,11,District of Columbia,1709
2014,2,DC,11,District of Columbia,1570
2014,3,DC,11,District of Columbia,1630
2014,4,DC,11,District of Columbia,1698
2015,1,DC,11,District of Columbia,1759
2015,2,DC,11,District of Columbia,1605
2015,3,DC,11,District of Columbia,1664
2015,4,DC,11,District of Columbia,1753
2016,1,DC,11,District of Columbia,1762
2016,2,DC,11,District of Columbia,1622
2016,3,DC,11,District of Columbia,1736
2016,4,DC,11,District of Columbia,1764
2017,1,DC,11,District of Columbia,1882
2017,2,DC,11,District of Columbia,1670
2000,1,FL,12,Florida,590
2000,2,FL,12,Florida,570
2000,3,FL,12,Florida,573
2000,4,FL,12,Florida,625
2001,1,FL,12,Florida,601
2001,2,FL,12,Florida,597
2001,3,FL,12,Florida,587
2001,4,FL,12,Florida,641
2002,1,FL,12,Florida,616
2002,2,FL,12,Florida,612
2002,3,FL,12,Florida,605
2002,4,FL,12,Florida,660
2003,1,FL,12,Florida,630
2003,2,FL,12,Florida,631
2003,3,FL,12,Florida,627
2003,4,FL,12,Florida,691
2004,1,FL,12,Florida,656
2004,2,FL,12,Florida,655
2004,3,FL,12,Florida,655
2004,4,FL,12,Florida,738
2005,1,FL,12,Florida,679
2005,2,FL,12,Florida,689
2005,3,FL,12,Florida,708
2005,4,FL,12,Florida,753
2006,1,FL,12,Florida,739
2006,2,FL,12,Florida,720
2006,3,FL,12,Florida,712
2006,4,FL,12,Florida,788
2007,1,FL,12,Florida,763
2007,2,FL,12,Florida,743
2007,3,FL,12,Florida,740
2007,4,FL,12,Florida,811
2008,1,FL,12,Florida,777
2008,2,FL,12,Florida,763
2008,3,FL,12,Florida,756
2008,4,FL,12,Florida,825
2009,1,FL,12,Florida,770
2009,2,FL,12,Florida,766
2009,3,FL,12,Florida,759
2009,4,FL,12,Florida,856
2010,1,FL,12,Florida,765
2010,2,FL,12,Florida,782
2010,3,FL,12,Florida,779
2010,4,FL,12,Florida,871
2011,1,FL,12,Florida,794
2011,2,FL,12,Florida,802
2011,3,FL,12,Florida,811
2011,4,FL,12,Florida,847
2012,1,FL,12,Florida,837
2012,2,FL,12,Florida,806
2012,3,FL,12,Florida,799
2012,4,FL,12,Florida,881
2013,1,FL,12,Florida,843
2013,2,FL,12,Florida,822
2013,3,FL,12,Florida,809
2013,4,FL,12,Florida,884
2014,1,FL,12,Florida,869
2014,2,FL,12,Florida,839
2014,3,FL,12,Florida,826
2014,4,FL,12,Florida,911
2015,1,FL,12,Florida,885
2015,2,FL,12,Florida,861
2015,3,FL,12,Florida,852
2015,4,FL,12,Florida,959
2016,1,FL,12,Florida,885
2016,2,FL,12,Florida,883
2016,3,FL,12,Florida,906
2016,4,FL,12,Florida,943
2017,1,FL,12,Florida,949
2017,2,FL,12,Florida,905
2000,1,GA,13,Georgia,667
2000,2,GA,13,Georgia,636
2000,3,GA,13,Georgia,643
2000,4,GA,13,Georgia,686
2001,1,GA,13,Georgia,687
2001,2,GA,13,Georgia,656
2001,3,GA,13,Georgia,656
2001,4,GA,13,Georgia,704
2002,1,GA,13,Georgia,698
2002,2,GA,13,Georgia,670
2002,3,GA,13,Georgia,667
2002,4,GA,13,Georgia,714
2003,1,GA,13,Georgia,715
2003,2,GA,13,Georgia,683
2003,3,GA,13,Georgia,685
2003,4,GA,13,Georgia,735
2004,1,GA,13,Georgia,728
2004,2,GA,13,Georgia,700
2004,3,GA,13,Georgia,711
2004,4,GA,13,Georgia,773
2005,1,GA,13,Georgia,742
2005,2,GA,13,Georgia,721
2005,3,GA,13,Georgia,748
2005,4,GA,13,Georgia,795
2006,1,GA,13,Georgia,798
2006,2,GA,13,Georgia,744
2006,3,GA,13,Georgia,751
2006,4,GA,13,Georgia,812
2007,1,GA,13,Georgia,836
2007,2,GA,13,Georgia,792
2007,3,GA,13,Georgia,782
2007,4,GA,13,Georgia,834
2008,1,GA,13,Georgia,843
2008,2,GA,13,Georgia,786
2008,3,GA,13,Georgia,794
2008,4,GA,13,Georgia,853
2009,1,GA,13,Georgia,832
2009,2,GA,13,Georgia,792
2009,3,GA,13,Georgia,801
2009,4,GA,13,Georgia,876
2010,1,GA,13,Georgia,837
2010,2,GA,13,Georgia,812
2010,3,GA,13,Georgia,823
2010,4,GA,13,Georgia,905
2011,1,GA,13,Georgia,885
2011,2,GA,13,Georgia,832
2011,3,GA,13,Georgia,867
2011,4,GA,13,Georgia,885
2012,1,GA,13,Georgia,931
2012,2,GA,13,Georgia,848
2012,3,GA,13,Georgia,854
2012,4,GA,13,Georgia,925
2013,1,GA,13,Georgia,940
2013,2,GA,13,Georgia,867
2013,3,GA,13,Georgia,867
2013,4,GA,13,Georgia,923
2014,1,GA,13,Georgia,972
2014,2,GA,13,Georgia,882
2014,3,GA,13,Georgia,891
2014,4,GA,13,Georgia,958
2015,1,GA,13,Georgia,989
2015,2,GA,13,Georgia,905
2015,3,GA,13,Georgia,915
2015,4,GA,13,Georgia,1002
2016,1,GA,13,Georgia,1007
2016,2,GA,13,Georgia,929
2016,3,GA,13,Georgia,970
2016,4,GA,13,Georgia,993
2017,1,GA,13,Georgia,1070
2017,2,GA,13,Georgia,957
2000,1,HI,15,Hawaii,582
2000,2,HI,15,Hawaii,575
2000,3,HI,15,Hawaii,588
2000,4,HI,15,Hawaii,609
2001,1,HI,15,Hawaii,598
2001,2,HI,15,Hawaii,583
2001,3,HI,15,Hawaii,597
2001,4,HI,15,Hawaii,627
2002,1,HI,15,Hawaii,620
2002,2,HI,15,Hawaii,613
2002,3,HI,15,Hawaii,626
2002,4,HI,15,Hawaii,654
2003,1,HI,15,Hawaii,636
2003,2,HI,15,Hawaii,634
2003,3,HI,15,Hawaii,647
2003,4,HI,15,Hawaii,678
2004,1,HI,15,Hawaii,656
2004,2,HI,15,Hawaii,652
2004,3,HI,15,Hawaii,675
2004,4,HI,15,Hawaii,723
2005,1,HI,15,Hawaii,669
2005,2,HI,15,Hawaii,677
2005,3,HI,15,Hawaii,714
2005,4,HI,15,Hawaii,736
2006,1,HI,15,Hawaii,718
2006,2,HI,15,Hawaii,706
2006,3,HI,15,Hawaii,721
2006,4,HI,15,Hawaii,762
2007,1,HI,15,Hawaii,747
2007,2,HI,15,Hawaii,735
2007,3,HI,15,Hawaii,760
2007,4,HI,15,Hawaii,793
2008,1,HI,15,Hawaii,772
2008,2,HI,15,Hawaii,763
2008,3,HI,15,Hawaii,773
2008,4,HI,15,Hawaii,821
2009,1,HI,15,Hawaii,774
2009,2,HI,15,Hawaii,775
2009,3,HI,15,Hawaii,787
2009,4,HI,15,Hawaii,843
2010,1,HI,15,Hawaii,766
2010,2,HI,15,Hawaii,780
2010,3,HI,15,Hawaii,804
2010,4,HI,15,Hawaii,858
2011,1,HI,15,Hawaii,789
2011,2,HI,15,Hawaii,798
2011,3,HI,15,Hawaii,835
2011,4,HI,15,Hawaii,845
2012,1,HI,15,Hawaii,832
2012,2,HI,15,Hawaii,810
2012,3,HI,15,Hawaii,826
2012,4,HI,15,Hawaii,868
2013,1,HI,15,Hawaii,841
2013,2,HI,15,Hawaii,823
2013,3,HI,15,Hawaii,837
2013,4,HI,15,Hawaii,871
2014,1,HI,15,Hawaii,857
2014,2,HI,15,Hawaii,844
2014,3,HI,15,Hawaii,869
2014,4,HI,15,Hawaii,908
2015,1,HI,15,Hawaii,881
2015,2,HI,15,Hawaii,875
2015,3,HI,15,Hawaii,896
2015,4,HI,15,Hawaii,957
2016,1,HI,15,Hawaii,893
2016,2,HI,15,Hawaii,903
2016,3,HI,15,Hawaii,956
2016,4,HI,15,Hawaii,954
2017,1,HI,15,Hawaii,952
2017,2,HI,15,Hawaii,933
2000,1,ID,16,Idaho,530
2000,2,ID,16,Idaho,520
2000,3,ID,16,Idaho,521
2000,4,ID,16,Idaho,561
2001,1,ID,16,Idaho,526
2001,2,ID,16,Idaho,524
2001,3,ID,16,Idaho,527
2001,4,ID,16,Idaho,558
2002,1,ID,16,Idaho,534
2002,2,ID,16,Idaho,527
2002,3,ID,16,Idaho,536
2002,4,ID,16,Idaho,569
2003,1,ID,16,Idaho,540
2003,2,ID,16,Idaho,538
2003,3,ID,16,Idaho,547
2003,4,ID,16,Idaho,580
2004,1,ID,16,Idaho,552
2004,2,ID,16,Idaho,555
2004,3,ID,16,Idaho,571
2004,4,ID,16,Idaho,618
2005,1,ID,16,Idaho,561
2005,2,ID,16,Idaho,570
2005,3,ID,16,Idaho,605
2005,4,ID,16,Idaho,628
2006,1,ID,16,Idaho,608
2006,2,ID,16,Idaho,612
2006,3,ID,16,Idaho,613
2006,4,ID,16,Idaho,672
2007,1,ID,16,Idaho,633
2007,2,ID,16,Idaho,626
2007,3,ID,16,Idaho,635
2007,4,ID,16,Idaho,686
2008,1,ID,16,Idaho,636
2008,2,ID,16,Idaho,636
2008,3,ID,16,Idaho,643
2008,4,ID,16,Idaho,693
2009,1,ID,16,Idaho,638
2009,2,ID,16,Idaho,632
2009,3,ID,16,Idaho,647
2009,4,ID,16,Idaho,708
2010,1,ID,16,Idaho,633
2010,2,ID,16,Idaho,652
2010,3,ID,16,Idaho,666
2010,4,ID,16,Idaho,733
2011,1,ID,16,Idaho,659
2011,2,ID,16,Idaho,667
2011,3,ID,16,Idaho,697
2011,4,ID,16,Idaho,717
2012,1,ID,16,Idaho,691
2012,2,ID,16,Idaho,670
2012,3,ID,16,Idaho,687
2012,4,ID,16,Idaho,732
2013,1,ID,16,Idaho,695
2013,2,ID,16,Idaho,682
2013,3,ID,16,Idaho,703
2013,4,ID,16,Idaho,752
2014,1,ID,16,Idaho,720
2014,2,ID,16,Idaho,697
2014,3,ID,16,Idaho,721
2014,4,ID,16,Idaho,783
2015,1,ID,16,Idaho,736
2015,2,ID,16,Idaho,713
2015,3,ID,16,Idaho,736
2015,4,ID,16,Idaho,803
2016,1,ID,16,Idaho,724
2016,2,ID,16,Idaho,740
2016,3,ID,16,Idaho,782
2016,4,ID,16,Idaho,800
2017,1,ID,16,Idaho,776
2017,2,ID,16,Idaho,765
2000,1,IL,17,Illinois,747
2000,2,IL,17,Illinois,696
2000,3,IL,17,Illinois,703
2000,4,IL,17,Illinois,781
2001,1,IL,17,Illinois,779
2001,2,IL,17,Illinois,720
2001,3,IL,17,Illinois,719
2001,4,IL,17,Illinois,789
2002,1,IL,17,Illinois,780
2002,2,IL,17,Illinois,740
2002,3,IL,17,Illinois,732
2002,4,IL,17,Illinois,801
2003,1,IL,17,Illinois,791
2003,2,IL,17,Illinois,750
2003,3,IL,17,Illinois,750
2003,4,IL,17,Illinois,827
2004,1,IL,17,Illinois,824
2004,2,IL,17,Illinois,771
2004,3,IL,17,Illinois,779
2004,4,IL,17,Illinois,877
2005,1,IL,17,Illinois,848
2005,2,IL,17,Illinois,804
2005,3,IL,17,Illinois,825
2005,4,IL,17,Illinois,887
2006,1,IL,17,Illinois,914
2006,2,IL,17,Illinois,837
2006,3,IL,17,Illinois,833
2006,4,IL,17,Illinois,928
2007,1,IL,17,Illinois,955
2007,2,IL,17,Illinois,873
2007,3,IL,17,Illinois,866
2007,4,IL,17,Illinois,975
2008,1,IL,17,Illinois,980
2008,2,IL,17,Illinois,893
2008,3,IL,17,Illinois,891
2008,4,IL,17,Illinois,985
2009,1,IL,17,Illinois,950
2009,2,IL,17,Illinois,883
2009,3,IL,17,Illinois,881
2009,4,IL,17,Illinois,1006
2010,1,IL,17,Illinois,946
2010,2,IL,17,Illinois,910
2010,3,IL,17,Illinois,916
2010,4,IL,17,Illinois,1035
2011,1,IL,17,Illinois,1002
2011,2,IL,17,Illinois,938
2011,3,IL,17,Illinois,958
2011,4,IL,17,Illinois,1013
2012,1,IL,17,Illinois,1060
2012,2,IL,17,Illinois,953
2012,3,IL,17,Illinois,945
2012,4,IL,17,Illinois,1058
2013,1,IL,17,Illinois,1059
2013,2,IL,17,Illinois,970
2013,3,IL,17,Illinois,958
2013,4,IL,17,Illinois,1059
2014,1,IL,17,Illinois,1103
2014,2,IL,17,Illinois,989
2014,3,IL,17,Illinois,982
2014,4,IL,17,Illinois,1090
2015,1,IL,17,Illinois,1132
2015,2,IL,17,Illinois,1014
2015,3,IL,17,Illinois,1017
2015,4,IL,17,Illinois,1145
2016,1,IL,17,Illinois,1124
2016,2,IL,17,Illinois,1037
2016,3,IL,17,Illinois,1060
2016,4,IL,17,Illinois,1122
2017,1,IL,17,Illinois,1194
2017,2,IL,17,Illinois,1061
2000,1,IN,18,Indiana,609
2000,2,IN,18,Indiana,581
2000,3,IN,18,Indiana,585
2000,4,IN,18,Indiana,612
2001,1,IN,18,Indiana,624
2001,2,IN,18,Indiana,596
2001,3,IN,18,Indiana,594
2001,4,IN,18,Indiana,631
2002,1,IN,18,Indiana,629
2002,2,IN,18,Indiana,613
2002,3,IN,18,Indiana,614
2002,4,IN,18,Indiana,652
2003,1,IN,18,Indiana,642
2003,2,IN,18,Indiana,623
2003,3,IN,18,Indiana,627
2003,4,IN,18,Indiana,675
2004,1,IN,18,Indiana,661
2004,2,IN,18,Indiana,646
2004,3,IN,18,Indiana,655
2004,4,IN,18,Indiana,706
2005,1,IN,18,Indiana,667
2005,2,IN,18,Indiana,664
2005,3,IN,18,Indiana,689
2005,4,IN,18,Indiana,705
2006,1,IN,18,Indiana,718
2006,2,IN,18,Indiana,684
2006,3,IN,18,Indiana,687
2006,4,IN,18,Indiana,723
2007,1,IN,18,Indiana,739
2007,2,IN,18,Indiana,702
2007,3,IN,18,Indiana,702
2007,4,IN,18,Indiana,744
2008,1,IN,18,Indiana,757
2008,2,IN,18,Indiana,715
2008,3,IN,18,Indiana,718
2008,4,IN,18,Indiana,764
2009,1,IN,18,Indiana,739
2009,2,IN,18,Indiana,710
2009,3,IN,18,Indiana,714
2009,4,IN,18,Indiana,781
2010,1,IN,18,Indiana,739
2010,2,IN,18,Indiana,733
2010,3,IN,18,Indiana,742
2010,4,IN,18,Indiana,804
2011,1,IN,18,Indiana,773
2011,2,IN,18,Indiana,749
2011,3,IN,18,Indiana,785
2011,4,IN,18,Indiana,789
2012,1,IN,18,Indiana,822
2012,2,IN,18,Indiana,763
2012,3,IN,18,Indiana,772
2012,4,IN,18,Indiana,816
2013,1,IN,18,Indiana,831
2013,2,IN,18,Indiana,775
2013,3,IN,18,Indiana,784
2013,4,IN,18,Indiana,814
2014,1,IN,18,Indiana,845
2014,2,IN,18,Indiana,784
2014,3,IN,18,Indiana,799
2014,4,IN,18,Indiana,846
2015,1,IN,18,Indiana,857
2015,2,IN,18,Indiana,811
2015,3,IN,18,Indiana,818
2015,4,IN,18,Indiana,891
2016,1,IN,18,Indiana,853
2016,2,IN,18,Indiana,828
2016,3,IN,18,Indiana,866
2016,4,IN,18,Indiana,883
2017,1,IN,18,Indiana,918
2017,2,IN,18,Indiana,859
2000,1,IA,19,Iowa,532
2000,2,IA,19,Iowa,527
2000,3,IA,19,Iowa,530
2000,4,IA,19,Iowa,565
2001,1,IA,19,Iowa,550
2001,2,IA,19,Iowa,540
2001,3,IA,19,Iowa,545
2001,4,IA,19,Iowa,584
2002,1,IA,19,Iowa,566
2002,2,IA,19,Iowa,557
2002,3,IA,19,Iowa,561
2002,4,IA,19,Iowa,598
2003,1,IA,19,Iowa,583
2003,2,IA,19,Iowa,572
2003,3,IA,19,Iowa,580
2003,4,IA,19,Iowa,626
2004,1,IA,19,Iowa,606
2004,2,IA,19,Iowa,591
2004,3,IA,19,Iowa,604
2004,4,IA,19,Iowa,667
2005,1,IA,19,Iowa,616
2005,2,IA,19,Iowa,614
2005,3,IA,19,Iowa,641
2005,4,IA,19,Iowa,672
2006,1,IA,19,Iowa,662
2006,2,IA,19,Iowa,639
2006,3,IA,19,Iowa,641
2006,4,IA,19,Iowa,698
2007,1,IA,19,Iowa,685
2007,2,IA,19,Iowa,664
2007,3,IA,19,Iowa,668
2007,4,IA,19,Iowa,733
2008,1,IA,19,Iowa,710
2008,2,IA,19,Iowa,683
2008,3,IA,19,Iowa,696
2008,4,IA,19,Iowa,755
2009,1,IA,19,Iowa,708
2009,2,IA,19,Iowa,686
2009,3,IA,19,Iowa,694
2009,4,IA,19,Iowa,771
2010,1,IA,19,Iowa,706
2010,2,IA,19,Iowa,708
2010,3,IA,19,Iowa,720
2010,4,IA,19,Iowa,799
2011,1,IA,19,Iowa,737
2011,2,IA,19,Iowa,725
2011,3,IA,19,Iowa,760
2011,4,IA,19,Iowa,792
2012,1,IA,19,Iowa,785
2012,2,IA,19,Iowa,742
2012,3,IA,19,Iowa,756
2012,4,IA,19,Iowa,821
2013,1,IA,19,Iowa,800
2013,2,IA,19,Iowa,757
2013,3,IA,19,Iowa,772
2013,4,IA,19,Iowa,834
2014,1,IA,19,Iowa,824
2014,2,IA,19,Iowa,780
2014,3,IA,19,Iowa,799
2014,4,IA,19,Iowa,870
2015,1,IA,19,Iowa,847
2015,2,IA,19,Iowa,802
2015,3,IA,19,Iowa,822
2015,4,IA,19,Iowa,920
2016,1,IA,19,Iowa,844
2016,2,IA,19,Iowa,826
2016,3,IA,19,Iowa,874
2016,4,IA,19,Iowa,911
2017,1,IA,19,Iowa,899
2017,2,IA,19,Iowa,852
2000,1,KS,20,Kansas,557
2000,2,KS,20,Kansas,554
2000,3,KS,20,Kansas,561
2000,4,KS,20,Kansas,586
2001,1,KS,20,Kansas,577
2001,2,KS,20,Kansas,569
2001,3,KS,20,Kansas,570
2001,4,KS,20,Kansas,604
2002,1,KS,20,Kansas,593
2002,2,KS,20,Kansas,584
2002,3,KS,20,Kansas,579
2002,4,KS,20,Kansas,614
2003,1,KS,20,Kansas,607
2003,2,KS,20,Kansas,591
2003,3,KS,20,Kansas,593
2003,4,KS,20,Kansas,631
2004,1,KS,20,Kansas,622
2004,2,KS,20,Kansas,608
2004,3,KS,20,Kansas,619
2004,4,KS,20,Kansas,669
2005,1,KS,20,Kansas,631
2005,2,KS,20,Kansas,635
2005,3,KS,20,Kansas,658
2005,4,KS,20,Kansas,681
2006,1,KS,20,Kansas,688
2006,2,KS,20,Kansas,670
2006,3,KS,20,Kansas,662
2006,4,KS,20,Kansas,726
2007,1,KS,20,Kansas,720
2007,2,KS,20,Kansas,703
2007,3,KS,20,Kansas,680
2007,4,KS,20,Kansas,746
2008,1,KS,20,Kansas,736
2008,2,KS,20,Kansas,720
2008,3,KS,20,Kansas,710
2008,4,KS,20,Kansas,770
2009,1,KS,20,Kansas,719
2009,2,KS,20,Kansas,718
2009,3,KS,20,Kansas,706
2009,4,KS,20,Kansas,792
2010,1,KS,20,Kansas,719
2010,2,KS,20,Kansas,733
2010,3,KS,20,Kansas,731
2010,4,KS,20,Kansas,812
2011,1,KS,20,Kansas,749
2011,2,KS,20,Kansas,755
2011,3,KS,20,Kansas,772
2011,4,KS,20,Kansas,800
2012,1,KS,20,Kansas,804
2012,2,KS,20,Kansas,763
2012,3,KS,20,Kansas,761
2012,4,KS,20,Kansas,835
2013,1,KS,20,Kansas,807
2013,2,KS,20,Kansas,779
2013,3,KS,20,Kansas,776
2013,4,KS,20,Kansas,833
2014,1,KS,20,Kansas,839
2014,2,KS,20,Kansas,797
2014,3,KS,20,Kansas,795
2014,4,KS,20,Kansas,855
2015,1,KS,20,Kansas,850
2015,2,KS,20,Kansas,819
2015,3,KS,20,Kansas,809
2015,4,KS,20,Kansas,897
2016,1,KS,20,Kansas,832
2016,2,KS,20,Kansas,829
2016,3,KS,20,Kansas,857
2016,4,KS,20,Kansas,877
2017,1,KS,20,Kansas,888
2017,2,KS,20,Kansas,850
2000,1,KY,21,Kentucky,546
2000,2,KY,21,Kentucky,553
2000,3,KY,21,Kentucky,538
2000,4,KY,21,Kentucky,581
2001,1,KY,21,Kentucky,571
2001,2,KY,21,Kentucky,574
2001,3,KY,21,Kentucky,561
2001,4,KY,21,Kentucky,604
2002,1,KY,21,Kentucky,585
2002,2,KY,21,Kentucky,592
2002,3,KY,21,Kentucky,576
2002,4,KY,21,Kentucky,623
2003,1,KY,21,Kentucky,604
2003,2,KY,21,Kentucky,608
2003,3,KY,21,Kentucky,593
2003,4,KY,21,Kentucky,645
2004,1,KY,21,Kentucky,624
2004,2,KY,21,Kentucky,627
2004,3,KY,21,Kentucky,619
2004,4,KY,21,Kentucky,681
2005,1,KY,21,Kentucky,628
2005,2,KY,21,Kentucky,650
2005,3,KY,21,Kentucky,652
2005,4,KY,21,Kentucky,682
2006,1,KY,21,Kentucky,672
2006,2,KY,21,Kentucky,672
2006,3,KY,21,Kentucky,656
2006,4,KY,21,Kentucky,708
2007,1,KY,21,Kentucky,697
2007,2,KY,21,Kentucky,700
2007,3,KY,21,Kentucky,676
2007,4,KY,21,Kentucky,732
2008,1,KY,21,Kentucky,714
2008,2,KY,21,Kentucky,718
2008,3,KY,21,Kentucky,693
2008,4,KY,21,Kentucky,755
2009,1,KY,21,Kentucky,712
2009,2,KY,21,Kentucky,723
2009,3,KY,21,Kentucky,706
2009,4,KY,21,Kentucky,781
2010,1,KY,21,Kentucky,711
2010,2,KY,21,Kentucky,743
2010,3,KY,21,Kentucky,729
2010,4,KY,21,Kentucky,794
2011,1,KY,21,Kentucky,738
2011,2,KY,21,Kentucky,760
2011,3,KY,21,Kentucky,764
2011,4,KY,21,Kentucky,787
2012,1,KY,21,Kentucky,785
2012,2,KY,21,Kentucky,772
2012,3,KY,21,Kentucky,752
2012,4,KY,21,Kentucky,802
2013,1,KY,21,Kentucky,790
2013,2,KY,21,Kentucky,782
2013,3,KY,21,Kentucky,762
2013,4,KY,21,Kentucky,803
2014,1,KY,21,Kentucky,811
2014,2,KY,21,Kentucky,798
2014,3,KY,21,Kentucky,781
2014,4,KY,21,Kentucky,836
2015,1,KY,21,Kentucky,822
2015,2,KY,21,Kentucky,822
2015,3,KY,21,Kentucky,805
2015,4,KY,21,Kentucky,886
2016,1,KY,21,Kentucky,822
2016,2,KY,21,Kentucky,838
2016,3,KY,21,Kentucky,858
2016,4,KY,21,Kentucky,874
2017,1,KY,21,Kentucky,879
2017,2,KY,21,Kentucky,862
2000,1,LA,22,Louisiana,535
2000,2,LA,22,Louisiana,525
2000,3,LA,22,Louisiana,523
2000,4,LA,22,Louisiana,565
2001,1,LA,22,Louisiana,552
2001,2,LA,22,Louisiana,546
2001,3,LA,22,Louisiana,547
2001,4,LA,22,Louisiana,596
2002,1,LA,22,Louisiana,573
2002,2,LA,22,Louisiana,567
2002,3,LA,22,Louisiana,563
2002,4,LA,22,Louisiana,613
2003,1,LA,22,Louisiana,581
2003,2,LA,22,Louisiana,580
2003,3,LA,22,Louisiana,579
2003,4,LA,22,Louisiana,627
2004,1,LA,22,Louisiana,602
2004,2,LA,22,Louisiana,592
2004,3,LA,22,Louisiana,596
2004,4,LA,22,Louisiana,661
2005,1,LA,22,Louisiana,619
2005,2,LA,22,Louisiana,617
2005,3,LA,22,Louisiana,638
2005,4,LA,22,Louisiana,712
2006,1,LA,22,Louisiana,699
2006,2,LA,22,Louisiana,683
2006,3,LA,22,Louisiana,685
2006,4,LA,22,Louisiana,748
2007,1,LA,22,Louisiana,730
2007,2,LA,22,Louisiana,711
2007,3,LA,22,Louisiana,716
2007,4,LA,22,Louisiana,783
2008,1,LA,22,Louisiana,766
2008,2,LA,22,Louisiana,751
2008,3,LA,22,Louisiana,759
2008,4,LA,22,Louisiana,830
2009,1,LA,22,Louisiana,773
2009,2,LA,22,Louisiana,753
2009,3,LA,22,Louisiana,760
2009,4,LA,22,Louisiana,834
2010,1,LA,22,Louisiana,764
2010,2,LA,22,Louisiana,770
2010,3,LA,22,Louisiana,790
2010,4,LA,22,Louisiana,865
2011,1,LA,22,Louisiana,797
2011,2,LA,22,Louisiana,794
2011,3,LA,22,Louisiana,820
2011,4,LA,22,Louisiana,849
2012,1,LA,22,Louisiana,836
2012,2,LA,22,Louisiana,805
2012,3,LA,22,Louisiana,804
2012,4,LA,22,Louisiana,885
2013,1,LA,22,Louisiana,846
2013,2,LA,22,Louisiana,823
2013,3,LA,22,Louisiana,826
2013,4,LA,22,Louisiana,889
2014,1,LA,22,Louisiana,868
2014,2,LA,22,Louisiana,843
2014,3,LA,22,Louisiana,852
2014,4,LA,22,Louisiana,923
2015,1,LA,22,Louisiana,883
2015,2,LA,22,Louisiana,850
2015,3,LA,22,Louisiana,858
2015,4,LA,22,Louisiana,941
2016,1,LA,22,Louisiana,859
2016,2,LA,22,Louisiana,852
2016,3,LA,22,Louisiana,884
2016,4,LA,22,Louisiana,914
2017,1,LA,22,Louisiana,905
2017,2,LA,22,Louisiana,869
2000,1,ME,23,Maine,528
2000,2,ME,23,Maine,515
2000,3,ME,23,Maine,524
2000,4,ME,23,Maine,562
2001,1,ME,23,Maine,556
2001,2,ME,23,Maine,535
2001,3,ME,23,Maine,541
2001,4,ME,23,Maine,585
2002,1,ME,23,Maine,571
2002,2,ME,23,Maine,552
2002,3,ME,23,Maine,561
2002,4,ME,23,Maine,603
2003,1,ME,23,Maine,588
2003,2,ME,23,Maine,569
2003,3,ME,23,Maine,578
2003,4,ME,23,Maine,631
2004,1,ME,23,Maine,604
2004,2,ME,23,Maine,587
2004,3,ME,23,Maine,603
2004,4,ME,23,Maine,660
2005,1,ME,23,Maine,614
2005,2,ME,23,Maine,609
2005,3,ME,23,Maine,631
2005,4,ME,23,Maine,661
2006,1,ME,23,Maine,653
2006,2,ME,23,Maine,632
2006,3,ME,23,Maine,635
2006,4,ME,23,Maine,679
2007,1,ME,23,Maine,677
2007,2,ME,23,Maine,658
2007,3,ME,23,Maine,660
2007,4,ME,23,Maine,707
2008,1,ME,23,Maine,701
2008,2,ME,23,Maine,676
2008,3,ME,23,Maine,683
2008,4,ME,23,Maine,735
2009,1,ME,23,Maine,688
2009,2,ME,23,Maine,681
2009,3,ME,23,Maine,689
2009,4,ME,23,Maine,759
2010,1,ME,23,Maine,690
2010,2,ME,23,Maine,699
2010,3,ME,23,Maine,713
2010,4,ME,23,Maine,769
2011,1,ME,23,Maine,723
2011,2,ME,23,Maine,712
2011,3,ME,23,Maine,734
2011,4,ME,23,Maine,755
2012,1,ME,23,Maine,757
2012,2,ME,23,Maine,719
2012,3,ME,23,Maine,722
2012,4,ME,23,Maine,773
2013,1,ME,23,Maine,771
2013,2,ME,23,Maine,731
2013,3,ME,23,Maine,735
2013,4,ME,23,Maine,786
2014,1,ME,23,Maine,786
2014,2,ME,23,Maine,746
2014,3,ME,23,Maine,754
2014,4,ME,23,Maine,826
2015,1,ME,23,Maine,795
2015,2,ME,23,Maine,768
2015,3,ME,23,Maine,779
2015,4,ME,23,Maine,873
2016,1,ME,23,Maine,802
2016,2,ME,23,Maine,794
2016,3,ME,23,Maine,825
2016,4,ME,23,Maine,855
2017,1,ME,23,Maine,860
2017,2,ME,23,Maine,814
2000,1,MD,24,Maryland,698
2000,2,MD,24,Maryland,676
2000,3,MD,24,Maryland,685
2000,4,MD,24,Maryland,743
2001,1,MD,24,Maryland,740
2001,2,MD,24,Maryland,716
2001,3,MD,24,Maryland,714
2001,4,MD,24,Maryland,772
2002,1,MD,24,Maryland,757
2002,2,MD,24,Maryland,738
2002,3,MD,24,Maryland,733
2002,4,MD,24,Maryland,802
2003,1,MD,24,Maryland,775
2003,2,MD,24,Maryland,760
2003,3,MD,24,Maryland,763
2003,4,MD,24,Maryland,831
2004,1,MD,24,Maryland,815
2004,2,MD,24,Maryland,786
2004,3,MD,24,Maryland,794
2004,4,MD,24,Maryland,879
2005,1,MD,24,Maryland,831
2005,2,MD,24,Maryland,817
2005,3,MD,24,Maryland,854
2005,4,MD,24,Maryland,910
2006,1,MD,24,Maryland,898
2006,2,MD,24,Maryland,854
2006,3,MD,24,Maryland,857
2006,4,MD,24,Maryland,942
2007,1,MD,24,Maryland,937
2007,2,MD,24,Maryland,895
2007,3,MD,24,Maryland,892
2007,4,MD,24,Maryland,986
2008,1,MD,24,Maryland,963
2008,2,MD,24,Maryland,920
2008,3,MD,24,Maryland,919
2008,4,MD,24,Maryland,1009
2009,1,MD,24,Maryland,963
2009,2,MD,24,Maryland,934
2009,3,MD,24,Maryland,941
2009,4,MD,24,Maryland,1052
2010,1,MD,24,Maryland,975
2010,2,MD,24,Maryland,957
2010,3,MD,24,Maryland,966
2010,4,MD,24,Maryland,1080
2011,1,MD,24,Maryland,1010
2011,2,MD,24,Maryland,985
2011,3,MD,24,Maryland,1023
2011,4,MD,24,Maryland,1059
2012,1,MD,24,Maryland,1072
2012,2,MD,24,Maryland,991
2012,3,MD,24,Maryland,1007
2012,4,MD,24,Maryland,1086
2013,1,MD,24,Maryland,1067
2013,2,MD,24,Maryland,1004
2013,3,MD,24,Maryland,1011
2013,4,MD,24,Maryland,1075
2014,1,MD,24,Maryland,1086
2014,2,MD,24,Maryland,1019
2014,3,MD,24,Maryland,1042
2014,4,MD,24,Maryland,1113
2015,1,MD,24,Maryland,1112
2015,2,MD,24,Maryland,1044
2015,3,MD,24,Maryland,1067
2015,4,MD,24,Maryland,1174
2016,1,MD,24,Maryland,1107
2016,2,MD,24,Maryland,1070
2016,3,MD,24,Maryland,1124
2016,4,MD,24,Maryland,1168
2017,1,MD,24,Maryland,1171
2017,2,MD,24,Maryland,1103
2000,1,MA,25,Massachusetts,872
2000,2,MA,25,Massachusetts,803
2000,3,MA,25,Massachusetts,829
2000,4,MA,25,Massachusetts,904
2001,1,MA,25,Massachusetts,906
2001,2,MA,25,Massachusetts,830
2001,3,MA,25,Massachusetts,823
2001,4,MA,25,Massachusetts,902
2002,1,MA,25,Massachusetts,886
2002,2,MA,25,Massachusetts,836
2002,3,MA,25,Massachusetts,830
2002,4,MA,25,Massachusetts,907
2003,1,MA,25,Massachusetts,900
2003,2,MA,25,Massachusetts,849
2003,3,MA,25,Massachusetts,860
2003,4,MA,25,Massachusetts,954
2004,1,MA,25,Massachusetts,953
2004,2,MA,25,Massachusetts,897
2004,3,MA,25,Massachusetts,906
2004,4,MA,25,Massachusetts,1006
2005,1,MA,25,Massachusetts,964
2005,2,MA,25,Massachusetts,916
2005,3,MA,25,Massachusetts,947
2005,4,MA,25,Massachusetts,1026
2006,1,MA,25,Massachusetts,1046
2006,2,MA,25,Massachusetts,962
2006,3,MA,25,Massachusetts,950
2006,4,MA,25,Massachusetts,1075
2007,1,MA,25,Massachusetts,1107
2007,2,MA,25,Massachusetts,1008
2007,3,MA,25,Massachusetts,1002
2007,4,MA,25,Massachusetts,1134
2008,1,MA,25,Massachusetts,1143
2008,2,MA,25,Massachusetts,1044
2008,3,MA,25,Massachusetts,1024
2008,4,MA,25,Massachusetts,1155
2009,1,MA,25,Massachusetts,1100
2009,2,MA,25,Massachusetts,1028
2009,3,MA,25,Massachusetts,1023
2009,4,MA,25,Massachusetts,1178
2010,1,MA,25,Massachusetts,1095
2010,2,MA,25,Massachusetts,1061
2010,3,MA,25,Massachusetts,1070
2010,4,MA,25,Massachusetts,1217
2011,1,MA,25,Massachusetts,1161
2011,2,MA,25,Massachusetts,1122
2011,3,MA,25,Massachusetts,1115
2011,4,MA,25,Massachusetts,1191
2012,1,MA,25,Massachusetts,1227
2012,2,MA,25,Massachusetts,1109
2012,3,MA,25,Massachusetts,1102
2012,4,MA,25,Massachusetts,1248
2013,1,MA,25,Massachusetts,1234
2013,2,MA,25,Massachusetts,1131
2013,3,MA,25,Massachusetts,1130
2013,4,MA,25,Massachusetts,1258
2014,1,MA,25,Massachusetts,1299
2014,2,MA,25,Massachusetts,1157
2014,3,MA,25,Massachusetts,1162
2014,4,MA,25,Massachusetts,1314
2015,1,MA,25,Massachusetts,1341
2015,2,MA,25,Massachusetts,1209
2015,3,MA,25,Massachusetts,1196
2015,4,MA,25,Massachusetts,1385
2016,1,MA,25,Massachusetts,1326
2016,2,MA,25,Massachusetts,1233
2016,3,MA,25,Massachusetts,1277
2016,4,MA,25,Massachusetts,1352
2017,1,MA,25,Massachusetts,1430
2017,2,MA,25,Massachusetts,1277
2000,1,MI,26,Michigan,745
2000,2,MI,26,Michigan,684
2000,3,MI,26,Michigan,681
2000,4,MI,26,Michigan,739
2001,1,MI,26,Michigan,734
2001,2,MI,26,Michigan,695
2001,3,MI,26,Michigan,692
2001,4,MI,26,Michigan,755
2002,1,MI,26,Michigan,730
2002,2,MI,26,Michigan,714
2002,3,MI,26,Michigan,713
2002,4,MI,26,Michigan,776
2003,1,MI,26,Michigan,762
2003,2,MI,26,Michigan,731
2003,3,MI,26,Michigan,732
2003,4,MI,26,Michigan,808
2004,1,MI,26,Michigan,771
2004,2,MI,26,Michigan,743
2004,3,MI,26,Michigan,756
2004,4,MI,26,Michigan,835
2005,1,MI,26,Michigan,779
2005,2,MI,26,Michigan,769
2005,3,MI,26,Michigan,788
2005,4,MI,26,Michigan,834
2006,1,MI,26,Michigan,818
2006,2,MI,26,Michigan,784
2006,3,MI,26,Michigan,789
2006,4,MI,26,Michigan,852
2007,1,MI,26,Michigan,849
2007,2,MI,26,Michigan,806
2007,3,MI,26,Michigan,808
2007,4,MI,26,Michigan,872
2008,1,MI,26,Michigan,857
2008,2,MI,26,Michigan,824
2008,3,MI,26,Michigan,820
2008,4,MI,26,Michigan,903
2009,1,MI,26,Michigan,825
2009,2,MI,26,Michigan,810
2009,3,MI,26,Michigan,809
2009,4,MI,26,Michigan,913
2010,1,MI,26,Michigan,814
2010,2,MI,26,Michigan,825
2010,3,MI,26,Michigan,839
2010,4,MI,26,Michigan,938
2011,1,MI,26,Michigan,872
2011,2,MI,26,Michigan,845
2011,3,MI,26,Michigan,875
2011,4,MI,26,Michigan,933
2012,1,MI,26,Michigan,919
2012,2,MI,26,Michigan,858
2012,3,MI,26,Michigan,862
2012,4,MI,26,Michigan,954
2013,1,MI,26,Michigan,921
2013,2,MI,26,Michigan,877
2013,3,MI,26,Michigan,875
2013,4,MI,26,Michigan,953
2014,1,MI,26,Michigan,951
2014,2,MI,26,Michigan,897
2014,3,MI,26,Michigan,897
2014,4,MI,26,Michigan,985
2015,1,MI,26,Michigan,969
2015,2,MI,26,Michigan,917
2015,3,MI,26,Michigan,922
2015,4,MI,26,Michigan,1043
2016,1,MI,26,Michigan,975
2016,2,MI,26,Michigan,942
2016,3,MI,26,Michigan,975
2016,4,MI,26,Michigan,1027
2017,1,MI,26,Michigan,1043
2017,2,MI,26,Michigan,969
2000,1,MN,27,Minnesota,679
2000,2,MN,27,Minnesota,661
2000,3,MN,27,Minnesota,664
2000,4,MN,27,Minnesota,722
2001,1,MN,27,Minnesota,715
2001,2,MN,27,Minnesota,689
2001,3,MN,27,Minnesota,677
2001,4,MN,27,Minnesota,733
2002,1,MN,27,Minnesota,724
2002,2,MN,27,Minnesota,704
2002,3,MN,27,Minnesota,700
2002,4,MN,27,Minnesota,753
2003,1,MN,27,Minnesota,740
2003,2,MN,27,Minnesota,723
2003,3,MN,27,Minnesota,730
2003,4,MN,27,Minnesota,777
2004,1,MN,27,Minnesota,777
2004,2,MN,27,Minnesota,743
2004,3,MN,27,Minnesota,753
2004,4,MN,27,Minnesota,835
2005,1,MN,27,Minnesota,782
2005,2,MN,27,Minnesota,759
2005,3,MN,27,Minnesota,789
2005,4,MN,27,Minnesota,808
2006,1,MN,27,Minnesota,830
2006,2,MN,27,Minnesota,790
2006,3,MN,27,Minnesota,786
2006,4,MN,27,Minnesota,840
2007,1,MN,27,Minnesota,873
2007,2,MN,27,Minnesota,834
2007,3,MN,27,Minnesota,823
2007,4,MN,27,Minnesota,884
2008,1,MN,27,Minnesota,908
2008,2,MN,27,Minnesota,849
2008,3,MN,27,Minnesota,862
2008,4,MN,27,Minnesota,907
2009,1,MN,27,Minnesota,881
2009,2,MN,27,Minnesota,841
2009,3,MN,27,Minnesota,836
2009,4,MN,27,Minnesota,928
2010,1,MN,27,Minnesota,882
2010,2,MN,27,Minnesota,868
2010,3,MN,27,Minnesota,874
2010,4,MN,27,Minnesota,974
2011,1,MN,27,Minnesota,932
2011,2,MN,27,Minnesota,897
2011,3,MN,27,Minnesota,915
2011,4,MN,27,Minnesota,937
2012,1,MN,27,Minnesota,990
2012,2,MN,27,Minnesota,907
2012,3,MN,27,Minnesota,914
2012,4,MN,27,Minnesota,985
2013,1,MN,27,Minnesota,1002
2013,2,MN,27,Minnesota,929
2013,3,MN,27,Minnesota,938
2013,4,MN,27,Minnesota,988
2014,1,MN,27,Minnesota,1035
2014,2,MN,27,Minnesota,947
2014,3,MN,27,Minnesota,965
2014,4,MN,27,Minnesota,1024
2015,1,MN,27,Minnesota,1078
2015,2,MN,27,Minnesota,977
2015,3,MN,27,Minnesota,990
2015,4,MN,27,Minnesota,1074
2016,1,MN,27,Minnesota,1065
2016,2,MN,27,Minnesota,998
2016,3,MN,27,Minnesota,1051
2016,4,MN,27,Minnesota,1064
2017,1,MN,27,Minnesota,1151
2017,2,MN,27,Minnesota,1038
2000,1,MS,28,Mississippi,478
2000,2,MS,28,Mississippi,479
2000,3,MS,28,Mississippi,474
2000,4,MS,28,Mississippi,507
2001,1,MS,28,Mississippi,491
2001,2,MS,28,Mississippi,494
2001,3,MS,28,Mississippi,485
2001,4,MS,28,Mississippi,523
2002,1,MS,28,Mississippi,504
2002,2,MS,28,Mississippi,506
2002,3,MS,28,Mississippi,503
2002,4,MS,28,Mississippi,539
2003,1,MS,28,Mississippi,522
2003,2,MS,28,Mississippi,521
2003,3,MS,28,Mississippi,521
2003,4,MS,28,Mississippi,559
2004,1,MS,28,Mississippi,533
2004,2,MS,28,Mississippi,534
2004,3,MS,28,Mississippi,541
2004,4,MS,28,Mississippi,587
2005,1,MS,28,Mississippi,546
2005,2,MS,28,Mississippi,556
2005,3,MS,28,Mississippi,573
2005,4,MS,28,Mississippi,614
2006,1,MS,28,Mississippi,597
2006,2,MS,28,Mississippi,588
2006,3,MS,28,Mississippi,585
2006,4,MS,28,Mississippi,630
2007,1,MS,28,Mississippi,614
2007,2,MS,28,Mississippi,608
2007,3,MS,28,Mississippi,607
2007,4,MS,28,Mississippi,654
2008,1,MS,28,Mississippi,634
2008,2,MS,28,Mississippi,635
2008,3,MS,28,Mississippi,630
2008,4,MS,28,Mississippi,679
2009,1,MS,28,Mississippi,633
2009,2,MS,28,Mississippi,639
2009,3,MS,28,Mississippi,635
2009,4,MS,28,Mississippi,697
2010,1,MS,28,Mississippi,630
2010,2,MS,28,Mississippi,652
2010,3,MS,28,Mississippi,652
2010,4,MS,28,Mississippi,707
2011,1,MS,28,Mississippi,649
2011,2,MS,28,Mississippi,662
2011,3,MS,28,Mississippi,680
2011,4,MS,28,Mississippi,698
2012,1,MS,28,Mississippi,688
2012,2,MS,28,Mississippi,681
2012,3,MS,28,Mississippi,671
2012,4,MS,28,Mississippi,720
2013,1,MS,28,Mississippi,695
2013,2,MS,28,Mississippi,691
2013,3,MS,28,Mississippi,688
2013,4,MS,28,Mississippi,730
2014,1,MS,28,Mississippi,706
2014,2,MS,28,Mississippi,705
2014,3,MS,28,Mississippi,697
2014,4,MS,28,Mississippi,747
2015,1,MS,28,Mississippi,710
2015,2,MS,28,Mississippi,709
2015,3,MS,28,Mississippi,706
2015,4,MS,28,Mississippi,770
2016,1,MS,28,Mississippi,712
2016,2,MS,28,Mississippi,726
2016,3,MS,28,Mississippi,739
2016,4,MS,28,Mississippi,756
2017,1,MS,28,Mississippi,749
2017,2,MS,28,Mississippi,732
2000,1,MO,29,Missouri,601
2000,2,MO,29,Missouri,594
2000,3,MO,29,Missouri,590
2000,4,MO,29,Missouri,630
2001,1,MO,29,Missouri,625
2001,2,MO,29,Missouri,611
2001,3,MO,29,Missouri,605
2001,4,MO,29,Missouri,654
2002,1,MO,29,Missouri,642
2002,2,MO,29,Missouri,626
2002,3,MO,29,Missouri,620
2002,4,MO,29,Missouri,660
2003,1,MO,29,Missouri,648
2003,2,MO,29,Missouri,639
2003,3,MO,29,Missouri,636
2003,4,MO,29,Missouri,676
2004,1,MO,29,Missouri,665
2004,2,MO,29,Missouri,651
2004,3,MO,29,Missouri,655
2004,4,MO,29,Missouri,709
2005,1,MO,29,Missouri,672
2005,2,MO,29,Missouri,678
2005,3,MO,29,Missouri,691
2005,4,MO,29,Missouri,724
2006,1,MO,29,Missouri,723
2006,2,MO,29,Missouri,703
2006,3,MO,29,Missouri,690
2006,4,MO,29,Missouri,741
2007,1,MO,29,Missouri,742
2007,2,MO,29,Missouri,727
2007,3,MO,29,Missouri,719
2007,4,MO,29,Missouri,780
2008,1,MO,29,Missouri,770
2008,2,MO,29,Missouri,753
2008,3,MO,29,Missouri,739
2008,4,MO,29,Missouri,843
2009,1,MO,29,Missouri,769
2009,2,MO,29,Missouri,749
2009,3,MO,29,Missouri,744
2009,4,MO,29,Missouri,816
2010,1,MO,29,Missouri,763
2010,2,MO,29,Missouri,762
2010,3,MO,29,Missouri,764
2010,4,MO,29,Missouri,839
2011,1,MO,29,Missouri,787
2011,2,MO,29,Missouri,774
2011,3,MO,29,Missouri,803
2011,4,MO,29,Missouri,825
2012,1,MO,29,Missouri,837
2012,2,MO,29,Missouri,790
2012,3,MO,29,Missouri,794
2012,4,MO,29,Missouri,863
2013,1,MO,29,Missouri,842
2013,2,MO,29,Missouri,803
2013,3,MO,29,Missouri,806
2013,4,MO,29,Missouri,862
2014,1,MO,29,Missouri,866
2014,2,MO,29,Missouri,819
2014,3,MO,29,Missouri,828
2014,4,MO,29,Missouri,892
2015,1,MO,29,Missouri,882
2015,2,MO,29,Missouri,843
2015,3,MO,29,Missouri,846
2015,4,MO,29,Missouri,934
2016,1,MO,29,Missouri,878
2016,2,MO,29,Missouri,863
2016,3,MO,29,Missouri,889
2016,4,MO,29,Missouri,918
2017,1,MO,29,Missouri,931
2017,2,MO,29,Missouri,889
2000,1,MT,30,Montana,453
2000,2,MT,30,Montana,468
2000,3,MT,30,Montana,453
2000,4,MT,30,Montana,492
2001,1,MT,30,Montana,466
2001,2,MT,30,Montana,487
2001,3,MT,30,Montana,472
2001,4,MT,30,Montana,513
2002,1,MT,30,Montana,479
2002,2,MT,30,Montana,502
2002,3,MT,30,Montana,490
2002,4,MT,30,Montana,528
2003,1,MT,30,Montana,492
2003,2,MT,30,Montana,521
2003,3,MT,30,Montana,507
2003,4,MT,30,Montana,549
2004,1,MT,30,Montana,515
2004,2,MT,30,Montana,528
2004,3,MT,30,Montana,524
2004,4,MT,30,Montana,572
2005,1,MT,30,Montana,533
2005,2,MT,30,Montana,553
2005,3,MT,30,Montana,564
2005,4,MT,30,Montana,591
2006,1,MT,30,Montana,572
2006,2,MT,30,Montana,575
2006,3,MT,30,Montana,581
2006,4,MT,30,Montana,625
2007,1,MT,30,Montana,599
2007,2,MT,30,Montana,611
2007,3,MT,30,Montana,609
2007,4,MT,30,Montana,659
2008,1,MT,30,Montana,625
2008,2,MT,30,Montana,630
2008,3,MT,30,Montana,629
2008,4,MT,30,Montana,678
2009,1,MT,30,Montana,628
2009,2,MT,30,Montana,636
2009,3,MT,30,Montana,637
2009,4,MT,30,Montana,696
2010,1,MT,30,Montana,633
2010,2,MT,30,Montana,658
2010,3,MT,30,Montana,647
2010,4,MT,30,Montana,722
2011,1,MT,30,Montana,655
2011,2,MT,30,Montana,682
2011,3,MT,30,Montana,687
2011,4,MT,30,Montana,727
2012,1,MT,30,Montana,706
2012,2,MT,30,Montana,700
2012,3,MT,30,Montana,689
2012,4,MT,30,Montana,757
2013,1,MT,30,Montana,707
2013,2,MT,30,Montana,717
2013,3,MT,30,Montana,706
2013,4,MT,30,Montana,760
2014,1,MT,30,Montana,731
2014,2,MT,30,Montana,734
2014,3,MT,30,Montana,732
2014,4,MT,30,Montana,794
2015,1,MT,30,Montana,749
2015,2,MT,30,Montana,754
2015,3,MT,30,Montana,759
2015,4,MT,30,Montana,818
2016,1,MT,30,Montana,751
2016,2,MT,30,Montana,767
2016,3,MT,30,Montana,792
2016,4,MT,30,Montana,821
2017,1,MT,30,Montana,800
2017,2,MT,30,Montana,797
2000,1,NE,31,Nebraska,534
2000,2,NE,31,Nebraska,516
2000,3,NE,31,Nebraska,522
2000,4,NE,31,Nebraska,555
2001,1,NE,31,Nebraska,544
2001,2,NE,31,Nebraska,528
2001,3,NE,31,Nebraska,538
2001,4,NE,31,Nebraska,574
2002,1,NE,31,Nebraska,562
2002,2,NE,31,Nebraska,546
2002,3,NE,31,Nebraska,563
2002,4,NE,31,Nebraska,594
2003,1,NE,31,Nebraska,579
2003,2,NE,31,Nebraska,565
2003,3,NE,31,Nebraska,580
2003,4,NE,31,Nebraska,613
2004,1,NE,31,Nebraska,595
2004,2,NE,31,Nebraska,579
2004,3,NE,31,Nebraska,601
2004,4,NE,31,Nebraska,648
2005,1,NE,31,Nebraska,600
2005,2,NE,31,Nebraska,598
2005,3,NE,31,Nebraska,633
2005,4,NE,31,Nebraska,663
2006,1,NE,31,Nebraska,649
2006,2,NE,31,Nebraska,632
2006,3,NE,31,Nebraska,632
2006,4,NE,31,Nebraska,687
2007,1,NE,31,Nebraska,666
2007,2,NE,31,Nebraska,654
2007,3,NE,31,Nebraska,666
2007,4,NE,31,Nebraska,723
2008,1,NE,31,Nebraska,687
2008,2,NE,31,Nebraska,676
2008,3,NE,31,Nebraska,694
2008,4,NE,31,Nebraska,730
2009,1,NE,31,Nebraska,699
2009,2,NE,31,Nebraska,674
2009,3,NE,31,Nebraska,689
2009,4,NE,31,Nebraska,757
2010,1,NE,31,Nebraska,694
2010,2,NE,31,Nebraska,697
2010,3,NE,31,Nebraska,707
2010,4,NE,31,Nebraska,772
2011,1,NE,31,Nebraska,721
2011,2,NE,31,Nebraska,714
2011,3,NE,31,Nebraska,746
2011,4,NE,31,Nebraska,762
2012,1,NE,31,Nebraska,764
2012,2,NE,31,Nebraska,718
2012,3,NE,31,Nebraska,741
2012,4,NE,31,Nebraska,797
2013,1,NE,31,Nebraska,777
2013,2,NE,31,Nebraska,736
2013,3,NE,31,Nebraska,765
2013,4,NE,31,Nebraska,796
2014,1,NE,31,Nebraska,798
2014,2,NE,31,Nebraska,756
2014,3,NE,31,Nebraska,778
2014,4,NE,31,Nebraska,837
2015,1,NE,31,Nebraska,817
2015,2,NE,31,Nebraska,786
2015,3,NE,31,Nebraska,812
2015,4,NE,31,Nebraska,880
2016,1,NE,31,Nebraska,816
2016,2,NE,31,Nebraska,805
2016,3,NE,31,Nebraska,857
2016,4,NE,31,Nebraska,875
2017,1,NE,31,Nebraska,867
2017,2,NE,31,Nebraska,833
2000,1,NV,32,Nevada,613
2000,2,NV,32,Nevada,610
2000,3,NV,32,Nevada,613
2000,4,NV,32,Nevada,646
2001,1,NV,32,Nevada,627
2001,2,NV,32,Nevada,628
2001,3,NV,32,Nevada,632
2001,4,NV,32,Nevada,660
2002,1,NV,32,Nevada,647
2002,2,NV,32,Nevada,635
2002,3,NV,32,Nevada,646
2002,4,NV,32,Nevada,686
2003,1,NV,32,Nevada,662
2003,2,NV,32,Nevada,658
2003,3,NV,32,Nevada,675
2003,4,NV,32,Nevada,721
2004,1,NV,32,Nevada,696
2004,2,NV,32,Nevada,685
2004,3,NV,32,Nevada,703
2004,4,NV,32,Nevada,768
2005,1,NV,32,Nevada,716
2005,2,NV,32,Nevada,738
2005,3,NV,32,Nevada,751
2005,4,NV,32,Nevada,775
2006,1,NV,32,Nevada,765
2006,2,NV,32,Nevada,748
2006,3,NV,32,Nevada,751
2006,4,NV,32,Nevada,817
2007,1,NV,32,Nevada,801
2007,2,NV,32,Nevada,776
2007,3,NV,32,Nevada,792
2007,4,NV,32,Nevada,872
2008,1,NV,32,Nevada,839
2008,2,NV,32,Nevada,796
2008,3,NV,32,Nevada,809
2008,4,NV,32,Nevada,863
2009,1,NV,32,Nevada,810
2009,2,NV,32,Nevada,798
2009,3,NV,32,Nevada,805
2009,4,NV,32,Nevada,875
2010,1,NV,32,Nevada,779
2010,2,NV,32,Nevada,796
2010,3,NV,32,Nevada,814
2010,4,NV,32,Nevada,880
2011,1,NV,32,Nevada,802
2011,2,NV,32,Nevada,816
2011,3,NV,32,Nevada,845
2011,4,NV,32,Nevada,852
2012,1,NV,32,Nevada,846
2012,2,NV,32,Nevada,815
2012,3,NV,32,Nevada,820
2012,4,NV,32,Nevada,878
2013,1,NV,32,Nevada,844
2013,2,NV,32,Nevada,828
2013,3,NV,32,Nevada,836
2013,4,NV,32,Nevada,885
2014,1,NV,32,Nevada,867
2014,2,NV,32,Nevada,833
2014,3,NV,32,Nevada,841
2014,4,NV,32,Nevada,899
2015,1,NV,32,Nevada,865
2015,2,NV,32,Nevada,855
2015,3,NV,32,Nevada,862
2015,4,NV,32,Nevada,935
2016,1,NV,32,Nevada,872
2016,2,NV,32,Nevada,875
2016,3,NV,32,Nevada,950
2016,4,NV,32,Nevada,925
2017,1,NV,32,Nevada,932
2017,2,NV,32,Nevada,901
2000,1,NH,33,New Hampshire,661
2000,2,NH,33,New Hampshire,633
2000,3,NH,33,New Hampshire,642
2000,4,NH,33,New Hampshire,735
2001,1,NH,33,New Hampshire,676
2001,2,NH,33,New Hampshire,658
2001,3,NH,33,New Hampshire,651
2001,4,NH,33,New Hampshire,745
2002,1,NH,33,New Hampshire,677
2002,2,NH,33,New Hampshire,677
2002,3,NH,33,New Hampshire,670
2002,4,NH,33,New Hampshire,758
2003,1,NH,33,New Hampshire,699
2003,2,NH,33,New Hampshire,693
2003,3,NH,33,New Hampshire,689
2003,4,NH,33,New Hampshire,789
2004,1,NH,33,New Hampshire,725
2004,2,NH,33,New Hampshire,717
2004,3,NH,33,New Hampshire,730
2004,4,NH,33,New Hampshire,839
2005,1,NH,33,New Hampshire,744
2005,2,NH,33,New Hampshire,755
2005,3,NH,33,New Hampshire,772
2005,4,NH,33,New Hampshire,848
2006,1,NH,33,New Hampshire,799
2006,2,NH,33,New Hampshire,774
2006,3,NH,33,New Hampshire,774
2006,4,NH,33,New Hampshire,917
2007,1,NH,33,New Hampshire,835
2007,2,NH,33,New Hampshire,823
2007,3,NH,33,New Hampshire,800
2007,4,NH,33,New Hampshire,916
2008,1,NH,33,New Hampshire,863
2008,2,NH,33,New Hampshire,835
2008,3,NH,33,New Hampshire,822
2008,4,NH,33,New Hampshire,936
2009,1,NH,33,New Hampshire,838
2009,2,NH,33,New Hampshire,829
2009,3,NH,33,New Hampshire,830
2009,4,NH,33,New Hampshire,958
2010,1,NH,33,New Hampshire,833
2010,2,NH,33,New Hampshire,867
2010,3,NH,33,New Hampshire,855
2010,4,NH,33,New Hampshire,978
2011,1,NH,33,New Hampshire,876
2011,2,NH,33,New Hampshire,888
2011,3,NH,33,New Hampshire,902
2011,4,NH,33,New Hampshire,970
2012,1,NH,33,New Hampshire,923
2012,2,NH,33,New Hampshire,890
2012,3,NH,33,New Hampshire,874
2012,4,NH,33,New Hampshire,1025
2013,1,NH,33,New Hampshire,938
2013,2,NH,33,New Hampshire,916
2013,3,NH,33,New Hampshire,895
2013,4,NH,33,New Hampshire,1017
2014,1,NH,33,New Hampshire,970
2014,2,NH,33,New Hampshire,955
2014,3,NH,33,New Hampshire,927
2014,4,NH,33,New Hampshire,1081
2015,1,NH,33,New Hampshire,982
2015,2,NH,33,New Hampshire,967
2015,3,NH,33,New Hampshire,952
2015,4,NH,33,New Hampshire,1139
2016,1,NH,33,New Hampshire,997
2016,2,NH,33,New Hampshire,1003
2016,3,NH,33,New Hampshire,1026
2016,4,NH,33,New Hampshire,1092
2017,1,NH,33,New Hampshire,1070
2017,2,NH,33,New Hampshire,1015
2000,1,NJ,34,New Jersey,854
2000,2,NJ,34,New Jersey,801
2000,3,NJ,34,New Jersey,799
2000,4,NJ,34,New Jersey,913
2001,1,NJ,34,New Jersey,885
2001,2,NJ,34,New Jersey,815
2001,3,NJ,34,New Jersey,805
2001,4,NJ,34,New Jersey,904
2002,1,NJ,34,New Jersey,910
2002,2,NJ,34,New Jersey,828
2002,3,NJ,34,New Jersey,823
2002,4,NJ,34,New Jersey,914
2003,1,NJ,34,New Jersey,915
2003,2,NJ,34,New Jersey,851
2003,3,NJ,34,New Jersey,852
2003,4,NJ,34,New Jersey,947
2004,1,NJ,34,New Jersey,946
2004,2,NJ,34,New Jersey,871
2004,3,NJ,34,New Jersey,877
2004,4,NJ,34,New Jersey,1003
2005,1,NJ,34,New Jersey,964
2005,2,NJ,34,New Jersey,902
2005,3,NJ,34,New Jersey,928
2005,4,NJ,34,New Jersey,1011
2006,1,NJ,34,New Jersey,1039
2006,2,NJ,34,New Jersey,948
2006,3,NJ,34,New Jersey,931
2006,4,NJ,34,New Jersey,1055
2007,1,NJ,34,New Jersey,1097
2007,2,NJ,34,New Jersey,988
2007,3,NJ,34,New Jersey,966
2007,4,NJ,34,New Jersey,1092
2008,1,NJ,34,New Jersey,1132
2008,2,NJ,34,New Jersey,1004
2008,3,NJ,34,New Jersey,991
2008,4,NJ,34,New Jersey,1125
2009,1,NJ,34,New Jersey,1101
2009,2,NJ,34,New Jersey,1002
2009,3,NJ,34,New Jersey,996
2009,4,NJ,34,New Jersey,1144
2010,1,NJ,34,New Jersey,1121
2010,2,NJ,34,New Jersey,1029
2010,3,NJ,34,New Jersey,1025
2010,4,NJ,34,New Jersey,1162
2011,1,NJ,34,New Jersey,1160
2011,2,NJ,34,New Jersey,1056
2011,3,NJ,34,New Jersey,1072
2011,4,NJ,34,New Jersey,1139
2012,1,NJ,34,New Jersey,1227
2012,2,NJ,34,New Jersey,1057
2012,3,NJ,34,New Jersey,1054
2012,4,NJ,34,New Jersey,1173
2013,1,NJ,34,New Jersey,1236
2013,2,NJ,34,New Jersey,1084
2013,3,NJ,34,New Jersey,1069
2013,4,NJ,34,New Jersey,1187
2014,1,NJ,34,New Jersey,1264
2014,2,NJ,34,New Jersey,1097
2014,3,NJ,34,New Jersey,1088
2014,4,NJ,34,New Jersey,1214
2015,1,NJ,34,New Jersey,1290
2015,2,NJ,34,New Jersey,1128
2015,3,NJ,34,New Jersey,1117
2015,4,NJ,34,New Jersey,1263
2016,1,NJ,34,New Jersey,1269
2016,2,NJ,34,New Jersey,1147
2016,3,NJ,34,New Jersey,1174
2016,4,NJ,34,New Jersey,1240
2017,1,NJ,34,New Jersey,1333
2017,2,NJ,34,New Jersey,1174
2000,1,NM,35,New Mexico,518
2000,2,NM,35,New Mexico,529
2000,3,NM,35,New Mexico,521
2000,4,NM,35,New Mexico,551
2001,1,NM,35,New Mexico,541
2001,2,NM,35,New Mexico,550
2001,3,NM,35,New Mexico,537
2001,4,NM,35,New Mexico,578
2002,1,NM,35,New Mexico,555
2002,2,NM,35,New Mexico,570
2002,3,NM,35,New Mexico,550
2002,4,NM,35,New Mexico,588
2003,1,NM,35,New Mexico,565
2003,2,NM,35,New Mexico,579
2003,3,NM,35,New Mexico,565
2003,4,NM,35,New Mexico,614
2004,1,NM,35,New Mexico,584
2004,2,NM,35,New Mexico,597
2004,3,NM,35,New Mexico,589
2004,4,NM,35,New Mexico,645
2005,1,NM,35,New Mexico,596
2005,2,NM,35,New Mexico,624
2005,3,NM,35,New Mexico,629
2005,4,NM,35,New Mexico,658
2006,1,NM,35,New Mexico,647
2006,2,NM,35,New Mexico,652
2006,3,NM,35,New Mexico,655
2006,4,NM,35,New Mexico,704
2007,1,NM,35,New Mexico,685
2007,2,NM,35,New Mexico,686
2007,3,NM,35,New Mexico,688
2007,4,NM,35,New Mexico,739
2008,1,NM,35,New Mexico,718
2008,2,NM,35,New Mexico,717
2008,3,NM,35,New Mexico,713
2008,4,NM,35,New Mexico,769
2009,1,NM,35,New Mexico,722
2009,2,NM,35,New Mexico,724
2009,3,NM,35,New Mexico,724
2009,4,NM,35,New Mexico,795
2010,1,NM,35,New Mexico,716
2010,2,NM,35,New Mexico,742
2010,3,NM,35,New Mexico,744
2010,4,NM,35,New Mexico,817
2011,1,NM,35,New Mexico,739
2011,2,NM,35,New Mexico,763
2011,3,NM,35,New Mexico,779
2011,4,NM,35,New Mexico,799
2012,1,NM,35,New Mexico,783
2012,2,NM,35,New Mexico,783
2012,3,NM,35,New Mexico,761
2012,4,NM,35,New Mexico,803
2013,1,NM,35,New Mexico,778
2013,2,NM,35,New Mexico,781
2013,3,NM,35,New Mexico,766
2013,4,NM,35,New Mexico,814
2014,1,NM,35,New Mexico,793
2014,2,NM,35,New Mexico,794
2014,3,NM,35,New Mexico,788
2014,4,NM,35,New Mexico,850
2015,1,NM,35,New Mexico,805
2015,2,NM,35,New Mexico,805
2015,3,NM,35,New Mexico,798
2015,4,NM,35,New Mexico,866
2016,1,NM,35,New Mexico,791
2016,2,NM,35,New Mexico,811
2016,3,NM,35,New Mexico,830
2016,4,NM,35,New Mexico,844
2017,1,NM,35,New Mexico,838
2017,2,NM,35,New Mexico,823
2000,1,NY,36,New York,940
2000,2,NY,36,New York,802
2000,3,NY,36,New York,801
2000,4,NY,36,New York,914
2001,1,NY,36,New York,1039
2001,2,NY,36,New York,830
2001,3,NY,36,New York,812
2001,4,NY,36,New York,914
2002,1,NY,36,New York,994
2002,2,NY,36,New York,836
2002,3,NY,36,New York,822
2002,4,NY,36,New York,912
2003,1,NY,36,New York,978
2003,2,NY,36,New York,850
2003,3,NY,36,New York,846
2003,4,NY,36,New York,960
2004,1,NY,36,New York,1057
2004,2,NY,36,New York,877
2004,3,NY,36,New York,890
2004,4,NY,36,New York,1018
2005,1,NY,36,New York,1097
2005,2,NY,36,New York,913
2005,3,NY,36,New York,940
2005,4,NY,36,New York,1048
2006,1,NY,36,New York,1249
2006,2,NY,36,New York,963
2006,3,NY,36,New York,951
2006,4,NY,36,New York,1106
2007,1,NY,36,New York,1398
2007,2,NY,36,New York,1017
2007,3,NY,36,New York,1008
2007,4,NY,36,New York,1153
2008,1,NY,36,New York,1400
2008,2,NY,36,New York,1040
2008,3,NY,36,New York,1030
2008,4,NY,36,New York,1170
2009,1,NY,36,New York,1207
2009,2,NY,36,New York,1027
2009,3,NY,36,New York,1013
2009,4,NY,36,New York,1194
2010,1,NY,36,New York,1282
2010,2,NY,36,New York,1081
2010,3,NY,36,New York,1057
2010,4,NY,36,New York,1219
2011,1,NY,36,New York,1368
2011,2,NY,36,New York,1092
2011,3,NY,36,New York,1100
2011,4,NY,36,New York,1197
2012,1,NY,36,New York,1357
2012,2,NY,36,New York,1096
2012,3,NY,36,New York,1089
2012,4,NY,36,New York,1280
2013,1,NY,36,New York,1361
2013,2,NY,36,New York,1119
2013,3,NY,36,New York,1109
2013,4,NY,36,New York,1266
2014,1,NY,36,New York,1460
2014,2,NY,36,New York,1145
2014,3,NY,36,New York,1145
2014,4,NY,36,New York,1321
2015,1,NY,36,New York,1460
2015,2,NY,36,New York,1181
2015,3,NY,36,New York,1181
2015,4,NY,36,New York,1373
2016,1,NY,36,New York,1455
2016,2,NY,36,New York,1210
2016,3,NY,36,New York,1222
2016,4,NY,36,New York,1342
2017,1,NY,36,New York,1545
2017,2,NY,36,New York,1241
2000,1,NC,37,North Carolina,598
2000,2,NC,37,North Carolina,580
2000,3,NC,37,North Carolina,585
2000,4,NC,37,North Carolina,629
2001,1,NC,37,North Carolina,625
2001,2,NC,37,North Carolina,602
2001,3,NC,37,North Carolina,596
2001,4,NC,37,North Carolina,641
2002,1,NC,37,North Carolina,637
2002,2,NC,37,North Carolina,615
2002,3,NC,37,North Carolina,613
2002,4,NC,37,North Carolina,650
2003,1,NC,37,North Carolina,651
2003,2,NC,37,North Carolina,621
2003,3,NC,37,North Carolina,628
2003,4,NC,37,North Carolina,679
2004,1,NC,37,North Carolina,669
2004,2,NC,37,North Carolina,639
2004,3,NC,37,North Carolina,653
2004,4,NC,37,North Carolina,715
2005,1,NC,37,North Carolina,690
2005,2,NC,37,North Carolina,665
2005,3,NC,37,North Carolina,689
2005,4,NC,37,North Carolina,718
2006,1,NC,37,North Carolina,744
2006,2,NC,37,North Carolina,690
2006,3,NC,37,North Carolina,695
2006,4,NC,37,North Carolina,751
2007,1,NC,37,North Carolina,778
2007,2,NC,37,North Carolina,718
2007,3,NC,37,North Carolina,719
2007,4,NC,37,North Carolina,778
2008,1,NC,37,North Carolina,788
2008,2,NC,37,North Carolina,736
2008,3,NC,37,North Carolina,740
2008,4,NC,37,North Carolina,793
2009,1,NC,37,North Carolina,767
2009,2,NC,37,North Carolina,735
2009,3,NC,37,North Carolina,745
2009,4,NC,37,North Carolina,818
2010,1,NC,37,North Carolina,791
2010,2,NC,37,North Carolina,764
2010,3,NC,37,North Carolina,768
2010,4,NC,37,North Carolina,841
2011,1,NC,37,North Carolina,825
2011,2,NC,37,North Carolina,783
2011,3,NC,37,North Carolina,808
2011,4,NC,37,North Carolina,824
2012,1,NC,37,North Carolina,869
2012,2,NC,37,North Carolina,788
2012,3,NC,37,North Carolina,806
2012,4,NC,37,North Carolina,854
2013,1,NC,37,North Carolina,884
2013,2,NC,37,North Carolina,808
2013,3,NC,37,North Carolina,816
2013,4,NC,37,North Carolina,861
2014,1,NC,37,North Carolina,913
2014,2,NC,37,North Carolina,818
2014,3,NC,37,North Carolina,838
2014,4,NC,37,North Carolina,890
2015,1,NC,37,North Carolina,930
2015,2,NC,37,North Carolina,847
2015,3,NC,37,North Carolina,863
2015,4,NC,37,North Carolina,939
2016,1,NC,37,North Carolina,927
2016,2,NC,37,North Carolina,865
2016,3,NC,37,North Carolina,910
2016,4,NC,37,North Carolina,933
2017,1,NC,37,North Carolina,992
2017,2,NC,37,North Carolina,903
2000,1,ND,38,North Dakota,465
2000,2,ND,38,North Dakota,463
2000,3,ND,38,North Dakota,468
2000,4,ND,38,North Dakota,500
2001,1,ND,38,North Dakota,484
2001,2,ND,38,North Dakota,481
2001,3,ND,38,North Dakota,489
2001,4,ND,38,North Dakota,522
2002,1,ND,38,North Dakota,500
2002,2,ND,38,North Dakota,499
2002,3,ND,38,North Dakota,503
2002,4,ND,38,North Dakota,540
2003,1,ND,38,North Dakota,519
2003,2,ND,38,North Dakota,516
2003,3,ND,38,North Dakota,527
2003,4,ND,38,North Dakota,563
2004,1,ND,38,North Dakota,542
2004,2,ND,38,North Dakota,539
2004,3,ND,38,North Dakota,548
2004,4,ND,38,North Dakota,600
2005,1,ND,38,North Dakota,548
2005,2,ND,38,North Dakota,561
2005,3,ND,38,North Dakota,581
2005,4,ND,38,North Dakota,614
2006,1,ND,38,North Dakota,587
2006,2,ND,38,North Dakota,591
2006,3,ND,38,North Dakota,587
2006,4,ND,38,North Dakota,643
2007,1,ND,38,North Dakota,614
2007,2,ND,38,North Dakota,618
2007,3,ND,38,North Dakota,622
2007,4,ND,38,North Dakota,690
2008,1,ND,38,North Dakota,653
2008,2,ND,38,North Dakota,655
2008,3,ND,38,North Dakota,665
2008,4,ND,38,North Dakota,725
2009,1,ND,38,North Dakota,667
2009,2,ND,38,North Dakota,667
2009,3,ND,38,North Dakota,680
2009,4,ND,38,North Dakota,752
2010,1,ND,38,North Dakota,683
2010,2,ND,38,North Dakota,711
2010,3,ND,38,North Dakota,726
2010,4,ND,38,North Dakota,809
2011,1,ND,38,North Dakota,748
2011,2,ND,38,North Dakota,769
2011,3,ND,38,North Dakota,820
2011,4,ND,38,North Dakota,871
2012,1,ND,38,North Dakota,858
2012,2,ND,38,North Dakota,855
2012,3,ND,38,North Dakota,873
2012,4,ND,38,North Dakota,944
2013,1,ND,38,North Dakota,885
2013,2,ND,38,North Dakota,887
2013,3,ND,38,North Dakota,921
2013,4,ND,38,North Dakota,980
2014,1,ND,38,North Dakota,944
2014,2,ND,38,North Dakota,936
2014,3,ND,38,North Dakota,979
2014,4,ND,38,North Dakota,1050
2015,1,ND,38,North Dakota,983
2015,2,ND,38,North Dakota,939
2015,3,ND,38,North Dakota,957
2015,4,ND,38,North Dakota,1021
2016,1,ND,38,North Dakota,908
2016,2,ND,38,North Dakota,908
2016,3,ND,38,North Dakota,965
2016,4,ND,38,North Dakota,978
2017,1,ND,38,North Dakota,953
2017,2,ND,38,North Dakota,954
2000,1,OH,39,Ohio,641
2000,2,OH,39,Ohio,603
2000,3,OH,39,Ohio,610
2000,4,OH,39,Ohio,650
2001,1,OH,39,Ohio,647
2001,2,OH,39,Ohio,621
2001,3,OH,39,Ohio,625
2001,4,OH,39,Ohio,668
2002,1,OH,39,Ohio,659
2002,2,OH,39,Ohio,640
2002,3,OH,39,Ohio,647
2002,4,OH,39,Ohio,687
2003,1,OH,39,Ohio,680
2003,2,OH,39,Ohio,654
2003,3,OH,39,Ohio,658
2003,4,OH,39,Ohio,712
2004,1,OH,39,Ohio,692
2004,2,OH,39,Ohio,672
2004,3,OH,39,Ohio,685
2004,4,OH,39,Ohio,754
2005,1,OH,39,Ohio,705
2005,2,OH,39,Ohio,693
2005,3,OH,39,Ohio,723
2005,4,OH,39,Ohio,751
2006,1,OH,39,Ohio,753
2006,2,OH,39,Ohio,716
2006,3,OH,39,Ohio,725
2006,4,OH,39,Ohio,773
2007,1,OH,39,Ohio,790
2007,2,OH,39,Ohio,740
2007,3,OH,39,Ohio,745
2007,4,OH,39,Ohio,795
2008,1,OH,39,Ohio,798
2008,2,OH,39,Ohio,756
2008,3,OH,39,Ohio,768
2008,4,OH,39,Ohio,816
2009,1,OH,39,Ohio,789
2009,2,OH,39,Ohio,753
2009,3,OH,39,Ohio,765
2009,4,OH,39,Ohio,840
2010,1,OH,39,Ohio,783
2010,2,OH,39,Ohio,775
2010,3,OH,39,Ohio,790
2010,4,OH,39,Ohio,866
2011,1,OH,39,Ohio,819
2011,2,OH,39,Ohio,795
2011,3,OH,39,Ohio,834
2011,4,OH,39,Ohio,856
2012,1,OH,39,Ohio,874
2012,2,OH,39,Ohio,816
2012,3,OH,39,Ohio,827
2012,4,OH,39,Ohio,887
2013,1,OH,39,Ohio,884
2013,2,OH,39,Ohio,829
2013,3,OH,39,Ohio,837
2013,4,OH,39,Ohio,887
2014,1,OH,39,Ohio,909
2014,2,OH,39,Ohio,845
2014,3,OH,39,Ohio,862
2014,4,OH,39,Ohio,922
2015,1,OH,39,Ohio,920
2015,2,OH,39,Ohio,865
2015,3,OH,39,Ohio,877
2015,4,OH,39,Ohio,965
2016,1,OH,39,Ohio,915
2016,2,OH,39,Ohio,883
2016,3,OH,39,Ohio,927
2016,4,OH,39,Ohio,944
2017,1,OH,39,Ohio,977
2017,2,OH,39,Ohio,912
2000,1,OK,40,Oklahoma,511
2000,2,OK,40,Oklahoma,510
2000,3,OK,40,Oklahoma,508
2000,4,OK,40,Oklahoma,548
2001,1,OK,40,Oklahoma,540
2001,2,OK,40,Oklahoma,530
2001,3,OK,40,Oklahoma,522
2001,4,OK,40,Oklahoma,563
2002,1,OK,40,Oklahoma,549
2002,2,OK,40,Oklahoma,543
2002,3,OK,40,Oklahoma,539
2002,4,OK,40,Oklahoma,573
2003,1,OK,40,Oklahoma,563
2003,2,OK,40,Oklahoma,565
2003,3,OK,40,Oklahoma,559
2003,4,OK,40,Oklahoma,597
2004,1,OK,40,Oklahoma,580
2004,2,OK,40,Oklahoma,578
2004,3,OK,40,Oklahoma,579
2004,4,OK,40,Oklahoma,627
2005,1,OK,40,Oklahoma,590
2005,2,OK,40,Oklahoma,595
2005,3,OK,40,Oklahoma,613
2005,4,OK,40,Oklahoma,642
2006,1,OK,40,Oklahoma,667
2006,2,OK,40,Oklahoma,639
2006,3,OK,40,Oklahoma,631
2006,4,OK,40,Oklahoma,679
2007,1,OK,40,Oklahoma,675
2007,2,OK,40,Oklahoma,666
2007,3,OK,40,Oklahoma,668
2007,4,OK,40,Oklahoma,720
2008,1,OK,40,Oklahoma,711
2008,2,OK,40,Oklahoma,702
2008,3,OK,40,Oklahoma,699
2008,4,OK,40,Oklahoma,756
2009,1,OK,40,Oklahoma,708
2009,2,OK,40,Oklahoma,696
2009,3,OK,40,Oklahoma,698
2009,4,OK,40,Oklahoma,763
2010,1,OK,40,Oklahoma,702
2010,2,OK,40,Oklahoma,717
2010,3,OK,40,Oklahoma,725
2010,4,OK,40,Oklahoma,796
2011,1,OK,40,Oklahoma,737
2011,2,OK,40,Oklahoma,748
2011,3,OK,40,Oklahoma,783
2011,4,OK,40,Oklahoma,815
2012,1,OK,40,Oklahoma,804
2012,2,OK,40,Oklahoma,767
2012,3,OK,40,Oklahoma,778
2012,4,OK,40,Oklahoma,852
2013,1,OK,40,Oklahoma,822
2013,2,OK,40,Oklahoma,795
2013,3,OK,40,Oklahoma,797
2013,4,OK,40,Oklahoma,852
2014,1,OK,40,Oklahoma,852
2014,2,OK,40,Oklahoma,814
2014,3,OK,40,Oklahoma,825
2014,4,OK,40,Oklahoma,876
2015,1,OK,40,Oklahoma,869
2015,2,OK,40,Oklahoma,818
2015,3,OK,40,Oklahoma,825
2015,4,OK,40,Oklahoma,895
2016,1,OK,40,Oklahoma,834
2016,2,OK,40,Oklahoma,824
2016,3,OK,40,Oklahoma,853
2016,4,OK,40,Oklahoma,865
2017,1,OK,40,Oklahoma,883
2017,2,OK,40,Oklahoma,848
2000,1,OR,41,Oregon,628
2000,2,OR,41,Oregon,621
2000,3,OR,41,Oregon,627
2000,4,OR,41,Oregon,648
2001,1,OR,41,Oregon,644
2001,2,OR,41,Oregon,631
2001,3,OR,41,Oregon,622
2001,4,OR,41,Oregon,657
2002,1,OR,41,Oregon,644
2002,2,OR,41,Oregon,642
2002,3,OR,41,Oregon,633
2002,4,OR,41,Oregon,672
2003,1,OR,41,Oregon,652
2003,2,OR,41,Oregon,651
2003,3,OR,41,Oregon,652
2003,4,OR,41,Oregon,695
2004,1,OR,41,Oregon,675
2004,2,OR,41,Oregon,670
2004,3,OR,41,Oregon,676
2004,4,OR,41,Oregon,719
2005,1,OR,41,Oregon,684
2005,2,OR,41,Oregon,687
2005,3,OR,41,Oregon,714
2005,4,OR,41,Oregon,728
2006,1,OR,41,Oregon,735
2006,2,OR,41,Oregon,710
2006,3,OR,41,Oregon,720
2006,4,OR,41,Oregon,763
2007,1,OR,41,Oregon,754
2007,2,OR,41,Oregon,742
2007,3,OR,41,Oregon,750
2007,4,OR,41,Oregon,798
2008,1,OR,41,Oregon,777
2008,2,OR,41,Oregon,764
2008,3,OR,41,Oregon,766
2008,4,OR,41,Oregon,809
2009,1,OR,41,Oregon,772
2009,2,OR,41,Oregon,767
2009,3,OR,41,Oregon,767
2009,4,OR,41,Oregon,829
2010,1,OR,41,Oregon,776
2010,2,OR,41,Oregon,786
2010,3,OR,41,Oregon,790
2010,4,OR,41,Oregon,852
2011,1,OR,41,Oregon,812
2011,2,OR,41,Oregon,818
2011,3,OR,41,Oregon,834
2011,4,OR,41,Oregon,850
2012,1,OR,41,Oregon,864
2012,2,OR,41,Oregon,837
2012,3,OR,41,Oregon,834
2012,4,OR,41,Oregon,871
2013,1,OR,41,Oregon,864
2013,2,OR,41,Oregon,849
2013,3,OR,41,Oregon,856
2013,4,OR,41,Oregon,894
2014,1,OR,41,Oregon,893
2014,2,OR,41,Oregon,873
2014,3,OR,41,Oregon,885
2014,4,OR,41,Oregon,928
2015,1,OR,41,Oregon,918
2015,2,OR,41,Oregon,896
2015,3,OR,41,Oregon,922
2015,4,OR,41,Oregon,980
2016,1,OR,41,Oregon,934
2016,2,OR,41,Oregon,932
2016,3,OR,41,Oregon,970
2016,4,OR,41,Oregon,970
2017,1,OR,41,Oregon,984
2017,2,OR,41,Oregon,967
2000,1,PA,42,Pennsylvania,658
2000,2,PA,42,Pennsylvania,632
2000,3,PA,42,Pennsylvania,637
2000,4,PA,42,Pennsylvania,689
2001,1,PA,42,Pennsylvania,684
2001,2,PA,42,Pennsylvania,656
2001,3,PA,42,Pennsylvania,654
2001,4,PA,42,Pennsylvania,698
2002,1,PA,42,Pennsylvania,698
2002,2,PA,42,Pennsylvania,670
2002,3,PA,42,Pennsylvania,671
2002,4,PA,42,Pennsylvania,716
2003,1,PA,42,Pennsylvania,713
2003,2,PA,42,Pennsylvania,689
2003,3,PA,42,Pennsylvania,692
2003,4,PA,42,Pennsylvania,751
2004,1,PA,42,Pennsylvania,736
2004,2,PA,42,Pennsylvania,710
2004,3,PA,42,Pennsylvania,723
2004,4,PA,42,Pennsylvania,796
2005,1,PA,42,Pennsylvania,747
2005,2,PA,42,Pennsylvania,737
2005,3,PA,42,Pennsylvania,764
2005,4,PA,42,Pennsylvania,802
2006,1,PA,42,Pennsylvania,808
2006,2,PA,42,Pennsylvania,767
2006,3,PA,42,Pennsylvania,768
2006,4,PA,42,Pennsylvania,838
2007,1,PA,42,Pennsylvania,849
2007,2,PA,42,Pennsylvania,802
2007,3,PA,42,Pennsylvania,802
2007,4,PA,42,Pennsylvania,874
2008,1,PA,42,Pennsylvania,868
2008,2,PA,42,Pennsylvania,827
2008,3,PA,42,Pennsylvania,822
2008,4,PA,42,Pennsylvania,897
2009,1,PA,42,Pennsylvania,861
2009,2,PA,42,Pennsylvania,829
2009,3,PA,42,Pennsylvania,826
2009,4,PA,42,Pennsylvania,932
2010,1,PA,42,Pennsylvania,857
2010,2,PA,42,Pennsylvania,849
2010,3,PA,42,Pennsylvania,859
2010,4,PA,42,Pennsylvania,951
2011,1,PA,42,Pennsylvania,896
2011,2,PA,42,Pennsylvania,875
2011,3,PA,42,Pennsylvania,911
2011,4,PA,42,Pennsylvania,936
2012,1,PA,42,Pennsylvania,959
2012,2,PA,42,Pennsylvania,893
2012,3,PA,42,Pennsylvania,899
2012,4,PA,42,Pennsylvania,972
2013,1,PA,42,Pennsylvania,967
2013,2,PA,42,Pennsylvania,918
2013,3,PA,42,Pennsylvania,913
2013,4,PA,42,Pennsylvania,977
2014,1,PA,42,Pennsylvania,1007
2014,2,PA,42,Pennsylvania,933
2014,3,PA,42,Pennsylvania,938
2014,4,PA,42,Pennsylvania,1013
2015,1,PA,42,Pennsylvania,1032
2015,2,PA,42,Pennsylvania,958
2015,3,PA,42,Pennsylvania,961
2015,4,PA,42,Pennsylvania,1063
2016,1,PA,42,Pennsylvania,1012
2016,2,PA,42,Pennsylvania,971
2016,3,PA,42,Pennsylvania,1013
2016,4,PA,42,Pennsylvania,1039
2017,1,PA,42,Pennsylvania,1078
2017,2,PA,42,Pennsylvania,1000
2000,1,RI,44,Rhode Island,629
2000,2,RI,44,Rhode Island,607
2000,3,RI,44,Rhode Island,609
2000,4,RI,44,Rhode Island,661
2001,1,RI,44,Rhode Island,656
2001,2,RI,44,Rhode Island,629
2001,3,RI,44,Rhode Island,625
2001,4,RI,44,Rhode Island,674
2002,1,RI,44,Rhode Island,673
2002,2,RI,44,Rhode Island,649
2002,3,RI,44,Rhode Island,653
2002,4,RI,44,Rhode Island,702
2003,1,RI,44,Rhode Island,713
2003,2,RI,44,Rhode Island,672
2003,3,RI,44,Rhode Island,677
2003,4,RI,44,Rhode Island,739
2004,1,RI,44,Rhode Island,727
2004,2,RI,44,Rhode Island,696
2004,3,RI,44,Rhode Island,707
2004,4,RI,44,Rhode Island,766
2005,1,RI,44,Rhode Island,736
2005,2,RI,44,Rhode Island,721
2005,3,RI,44,Rhode Island,736
2005,4,RI,44,Rhode Island,787
2006,1,RI,44,Rhode Island,779
2006,2,RI,44,Rhode Island,755
2006,3,RI,44,Rhode Island,760
2006,4,RI,44,Rhode Island,817
2007,1,RI,44,Rhode Island,832
2007,2,RI,44,Rhode Island,774
2007,3,RI,44,Rhode Island,759
2007,4,RI,44,Rhode Island,839
2008,1,RI,44,Rhode Island,851
2008,2,RI,44,Rhode Island,796
2008,3,RI,44,Rhode Island,778
2008,4,RI,44,Rhode Island,886
2009,1,RI,44,Rhode Island,830
2009,2,RI,44,Rhode Island,806
2009,3,RI,44,Rhode Island,793
2009,4,RI,44,Rhode Island,912
2010,1,RI,44,Rhode Island,835
2010,2,RI,44,Rhode Island,833
2010,3,RI,44,Rhode Island,827
2010,4,RI,44,Rhode Island,939
2011,1,RI,44,Rhode Island,862
2011,2,RI,44,Rhode Island,862
2011,3,RI,44,Rhode Island,872
2011,4,RI,44,Rhode Island,920
2012,1,RI,44,Rhode Island,932
2012,2,RI,44,Rhode Island,860
2012,3,RI,44,Rhode Island,856
2012,4,RI,44,Rhode Island,946
2013,1,RI,44,Rhode Island,954
2013,2,RI,44,Rhode Island,880
2013,3,RI,44,Rhode Island,879
2013,4,RI,44,Rhode Island,960
2014,1,RI,44,Rhode Island,996
2014,2,RI,44,Rhode Island,899
2014,3,RI,44,Rhode Island,896
2014,4,RI,44,Rhode Island,1003
2015,1,RI,44,Rhode Island,1007
2015,2,RI,44,Rhode Island,926
2015,3,RI,44,Rhode Island,920
2015,4,RI,44,Rhode Island,1044
2016,1,RI,44,Rhode Island,984
2016,2,RI,44,Rhode Island,955
2016,3,RI,44,Rhode Island,991
2016,4,RI,44,Rhode Island,1028
2017,1,RI,44,Rhode Island,1052
2017,2,RI,44,Rhode Island,981
2000,1,SC,45,South Carolina,531
2000,2,SC,45,South Carolina,531
2000,3,SC,45,South Carolina,535
2000,4,SC,45,South Carolina,570
2001,1,SC,45,South Carolina,558
2001,2,SC,45,South Carolina,551
2001,3,SC,45,South Carolina,551
2001,4,SC,45,South Carolina,591
2002,1,SC,45,South Carolina,571
2002,2,SC,45,South Carolina,567
2002,3,SC,45,South Carolina,566
2002,4,SC,45,South Carolina,604
2003,1,SC,45,South Carolina,585
2003,2,SC,45,South Carolina,577
2003,3,SC,45,South Carolina,580
2003,4,SC,45,South Carolina,624
2004,1,SC,45,South Carolina,596
2004,2,SC,45,South Carolina,595
2004,3,SC,45,South Carolina,603
2004,4,SC,45,South Carolina,655
2005,1,SC,45,South Carolina,611
2005,2,SC,45,South Carolina,620
2005,3,SC,45,South Carolina,635
2005,4,SC,45,South Carolina,666
2006,1,SC,45,South Carolina,662
2006,2,SC,45,South Carolina,646
2006,3,SC,45,South Carolina,641
2006,4,SC,45,South Carolina,688
2007,1,SC,45,South Carolina,676
2007,2,SC,45,South Carolina,665
2007,3,SC,45,South Carolina,664
2007,4,SC,45,South Carolina,716
2008,1,SC,45,South Carolina,695
2008,2,SC,45,South Carolina,681
2008,3,SC,45,South Carolina,682
2008,4,SC,45,South Carolina,731
2009,1,SC,45,South Carolina,693
2009,2,SC,45,South Carolina,685
2009,3,SC,45,South Carolina,687
2009,4,SC,45,South Carolina,763
2010,1,SC,45,South Carolina,691
2010,2,SC,45,South Carolina,710
2010,3,SC,45,South Carolina,712
2010,4,SC,45,South Carolina,775
2011,1,SC,45,South Carolina,721
2011,2,SC,45,South Carolina,726
2011,3,SC,45,South Carolina,746
2011,4,SC,45,South Carolina,763
2012,1,SC,45,South Carolina,764
2012,2,SC,45,South Carolina,736
2012,3,SC,45,South Carolina,737
2012,4,SC,45,South Carolina,785
2013,1,SC,45,South Carolina,772
2013,2,SC,45,South Carolina,746
2013,3,SC,45,South Carolina,750
2013,4,SC,45,South Carolina,792
2014,1,SC,45,South Carolina,787
2014,2,SC,45,South Carolina,766
2014,3,SC,45,South Carolina,768
2014,4,SC,45,South Carolina,817
2015,1,SC,45,South Carolina,800
2015,2,SC,45,South Carolina,782
2015,3,SC,45,South Carolina,788
2015,4,SC,45,South Carolina,860
2016,1,SC,45,South Carolina,805
2016,2,SC,45,South Carolina,805
2016,3,SC,45,South Carolina,832
2016,4,SC,45,South Carolina,855
2017,1,SC,45,South Carolina,862
2017,2,SC,45,South Carolina,833
2000,1,SD,46,South Dakota,475
2000,2,SD,46,South Dakota,457
2000,3,SD,46,South Dakota,470
2000,4,SD,46,South Dakota,503
2001,1,SD,46,South Dakota,485
2001,2,SD,46,South Dakota,478
2001,3,SD,46,South Dakota,484
2001,4,SD,46,South Dakota,522
2002,1,SD,46,South Dakota,498
2002,2,SD,46,South Dakota,491
2002,3,SD,46,South Dakota,501
2002,4,SD,46,South Dakota,537
2003,1,SD,46,South Dakota,514
2003,2,SD,46,South Dakota,507
2003,3,SD,46,South Dakota,513
2003,4,SD,46,South Dakota,559
2004,1,SD,46,South Dakota,531
2004,2,SD,46,South Dakota,525
2004,3,SD,46,South Dakota,538
2004,4,SD,46,South Dakota,581
2005,1,SD,46,South Dakota,545
2005,2,SD,46,South Dakota,540
2005,3,SD,46,South Dakota,567
2005,4,SD,46,South Dakota,589
2006,1,SD,46,South Dakota,582
2006,2,SD,46,South Dakota,563
2006,3,SD,46,South Dakota,571
2006,4,SD,46,South Dakota,614
2007,1,SD,46,South Dakota,601
2007,2,SD,46,South Dakota,589
2007,3,SD,46,South Dakota,598
2007,4,SD,46,South Dakota,647
2008,1,SD,46,South Dakota,632
2008,2,SD,46,South Dakota,606
2008,3,SD,46,South Dakota,623
2008,4,SD,46,South Dakota,663
2009,1,SD,46,South Dakota,630
2009,2,SD,46,South Dakota,614
2009,3,SD,46,South Dakota,633
2009,4,SD,46,South Dakota,688
2010,1,SD,46,South Dakota,633
2010,2,SD,46,South Dakota,632
2010,3,SD,46,South Dakota,660
2010,4,SD,46,South Dakota,714
2011,1,SD,46,South Dakota,659
2011,2,SD,46,South Dakota,656
2011,3,SD,46,South Dakota,684
2011,4,SD,46,South Dakota,724
2012,1,SD,46,South Dakota,703
2012,2,SD,46,South Dakota,677
2012,3,SD,46,South Dakota,683
2012,4,SD,46,South Dakota,749
2013,1,SD,46,South Dakota,709
2013,2,SD,46,South Dakota,689
2013,3,SD,46,South Dakota,707
2013,4,SD,46,South Dakota,759
2014,1,SD,46,South Dakota,741
2014,2,SD,46,South Dakota,712
2014,3,SD,46,South Dakota,733
2014,4,SD,46,South Dakota,791
2015,1,SD,46,South Dakota,762
2015,2,SD,46,South Dakota,740
2015,3,SD,46,South Dakota,756
2015,4,SD,46,South Dakota,832
2016,1,SD,46,South Dakota,771
2016,2,SD,46,South Dakota,759
2016,3,SD,46,South Dakota,809
2016,4,SD,46,South Dakota,828
2017,1,SD,46,South Dakota,819
2017,2,SD,46,South Dakota,785
2000,1,TN,47,Tennessee,581
2000,2,TN,47,Tennessee,569
2000,3,TN,47,Tennessee,583
2000,4,TN,47,Tennessee,627
2001,1,TN,47,Tennessee,595
2001,2,TN,47,Tennessee,591
2001,3,TN,47,Tennessee,592
2001,4,TN,47,Tennessee,646
2002,1,TN,47,Tennessee,617
2002,2,TN,47,Tennessee,616
2002,3,TN,47,Tennessee,608
2002,4,TN,47,Tennessee,661
2003,1,TN,47,Tennessee,632
2003,2,TN,47,Tennessee,629
2003,3,TN,47,Tennessee,631
2003,4,TN,47,Tennessee,690
2004,1,TN,47,Tennessee,651
2004,2,TN,47,Tennessee,648
2004,3,TN,47,Tennessee,659
2004,4,TN,47,Tennessee,727
2005,1,TN,47,Tennessee,660
2005,2,TN,47,Tennessee,670
2005,3,TN,47,Tennessee,690
2005,4,TN,47,Tennessee,739
2006,1,TN,47,Tennessee,705
2006,2,TN,47,Tennessee,704
2006,3,TN,47,Tennessee,698
2006,4,TN,47,Tennessee,782
2007,1,TN,47,Tennessee,737
2007,2,TN,47,Tennessee,731
2007,3,TN,47,Tennessee,725
2007,4,TN,47,Tennessee,813
2008,1,TN,47,Tennessee,761
2008,2,TN,47,Tennessee,745
2008,3,TN,47,Tennessee,747
2008,4,TN,47,Tennessee,825
2009,1,TN,47,Tennessee,752
2009,2,TN,47,Tennessee,751
2009,3,TN,47,Tennessee,745
2009,4,TN,47,Tennessee,848
2010,1,TN,47,Tennessee,764
2010,2,TN,47,Tennessee,776
2010,3,TN,47,Tennessee,778
2010,4,TN,47,Tennessee,878
2011,1,TN,47,Tennessee,793
2011,2,TN,47,Tennessee,794
2011,3,TN,47,Tennessee,819
2011,4,TN,47,Tennessee,858
2012,1,TN,47,Tennessee,847
2012,2,TN,47,Tennessee,816
2012,3,TN,47,Tennessee,814
2012,4,TN,47,Tennessee,903
2013,1,TN,47,Tennessee,855
2013,2,TN,47,Tennessee,820
2013,3,TN,47,Tennessee,820
2013,4,TN,47,Tennessee,896
2014,1,TN,47,Tennessee,874
2014,2,TN,47,Tennessee,837
2014,3,TN,47,Tennessee,837
2014,4,TN,47,Tennessee,928
2015,1,TN,47,Tennessee,884
2015,2,TN,47,Tennessee,863
2015,3,TN,47,Tennessee,865
2015,4,TN,47,Tennessee,981
2016,1,TN,47,Tennessee,886
2016,2,TN,47,Tennessee,875
2016,3,TN,47,Tennessee,914
2016,4,TN,47,Tennessee,971
2017,1,TN,47,Tennessee,945
2017,2,TN,47,Tennessee,906
2000,1,TX,48,Texas,676
2000,2,TX,48,Texas,646
2000,3,TX,48,Texas,657
2000,4,TX,48,Texas,711
2001,1,TX,48,Texas,711
2001,2,TX,48,Texas,669
2001,3,TX,48,Texas,668
2001,4,TX,48,Texas,725
2002,1,TX,48,Texas,705
2002,2,TX,48,Texas,675
2002,3,TX,48,Texas,678
2002,4,TX,48,Texas,731
2003,1,TX,48,Texas,709
2003,2,TX,48,Texas,687
2003,3,TX,48,Texas,694
2003,4,TX,48,Texas,754
2004,1,TX,48,Texas,737
2004,2,TX,48,Texas,706
2004,3,TX,48,Texas,719
2004,4,TX,48,Texas,799
2005,1,TX,48,Texas,759
2005,2,TX,48,Texas,738
2005,3,TX,48,Texas,767
2005,4,TX,48,Texas,823
2006,1,TX,48,Texas,826
2006,2,TX,48,Texas,781
2006,3,TX,48,Texas,786
2006,4,TX,48,Texas,871
2007,1,TX,48,Texas,872
2007,2,TX,48,Texas,828
2007,3,TX,48,Texas,826
2007,4,TX,48,Texas,911
2008,1,TX,48,Texas,903
2008,2,TX,48,Texas,849
2008,3,TX,48,Texas,849
2008,4,TX,48,Texas,933
2009,1,TX,48,Texas,886
2009,2,TX,48,Texas,839
2009,3,TX,48,Texas,845
2009,4,TX,48,Texas,945
2010,1,TX,48,Texas,893
2010,2,TX,48,Texas,865
2010,3,TX,48,Texas,877
2010,4,TX,48,Texas,976
2011,1,TX,48,Texas,945
2011,2,TX,48,Texas,899
2011,3,TX,48,Texas,932
2011,4,TX,48,Texas,973
2012,1,TX,48,Texas,1012
2012,2,TX,48,Texas,922
2012,3,TX,48,Texas,929
2012,4,TX,48,Texas,1027
2013,1,TX,48,Texas,1016
2013,2,TX,48,Texas,944
2013,3,TX,48,Texas,952
2013,4,TX,48,Texas,1026
2014,1,TX,48,Texas,1062
2014,2,TX,48,Texas,973
2014,3,TX,48,Texas,988
2014,4,TX,48,Texas,1070
2015,1,TX,48,Texas,1089
2015,2,TX,48,Texas,988
2015,3,TX,48,Texas,999
2015,4,TX,48,Texas,1099
2016,1,TX,48,Texas,1065
2016,2,TX,48,Texas,1000
2016,3,TX,48,Texas,1042
2016,4,TX,48,Texas,1072
2017,1,TX,48,Texas,1124
2017,2,TX,48,Texas,1027
2000,1,UT,49,Utah,556
2000,2,UT,49,Utah,548
2000,3,UT,49,Utah,553
2000,4,UT,49,Utah,591
2001,1,UT,49,Utah,571
2001,2,UT,49,Utah,567
2001,3,UT,49,Utah,565
2001,4,UT,49,Utah,611
2002,1,UT,49,Utah,584
2002,2,UT,49,Utah,577
2002,3,UT,49,Utah,575
2002,4,UT,49,Utah,616
2003,1,UT,49,Utah,585
2003,2,UT,49,Utah,588
2003,3,UT,49,Utah,588
2003,4,UT,49,Utah,631
2004,1,UT,49,Utah,599
2004,2,UT,49,Utah,603
2004,3,UT,49,Utah,607
2004,4,UT,49,Utah,664
2005,1,UT,49,Utah,606
2005,2,UT,49,Utah,622
2005,3,UT,49,Utah,647
2005,4,UT,49,Utah,687
2006,1,UT,49,Utah,661
2006,2,UT,49,Utah,655
2006,3,UT,49,Utah,660
2006,4,UT,49,Utah,725
2007,1,UT,49,Utah,696
2007,2,UT,49,Utah,698
2007,3,UT,49,Utah,697
2007,4,UT,49,Utah,759
2008,1,UT,49,Utah,718
2008,2,UT,49,Utah,716
2008,3,UT,49,Utah,717
2008,4,UT,49,Utah,771
2009,1,UT,49,Utah,727
2009,2,UT,49,Utah,723
2009,3,UT,49,Utah,724
2009,4,UT,49,Utah,796
2010,1,UT,49,Utah,728
2010,2,UT,49,Utah,733
2010,3,UT,49,Utah,741
2010,4,UT,49,Utah,827
2011,1,UT,49,Utah,753
2011,2,UT,49,Utah,756
2011,3,UT,49,Utah,780
2011,4,UT,49,Utah,808
2012,1,UT,49,Utah,799
2012,2,UT,49,Utah,766
2012,3,UT,49,Utah,767
2012,4,UT,49,Utah,844
2013,1,UT,49,Utah,804
2013,2,UT,49,Utah,783
2013,3,UT,49,Utah,791
2013,4,UT,49,Utah,836
2014,1,UT,49,Utah,831
2014,2,UT,49,Utah,796
2014,3,UT,49,Utah,803
2014,4,UT,49,Utah,872
2015,1,UT,49,Utah,844
2015,2,UT,49,Utah,821
2015,3,UT,49,Utah,829
2015,4,UT,49,Utah,913
2016,1,UT,49,Utah,849
2016,2,UT,49,Utah,840
2016,3,UT,49,Utah,881
2016,4,UT,49,Utah,910
2017,1,UT,49,Utah,905
2017,2,UT,49,Utah,862
2000,1,VT,50,Vermont,544
2000,2,VT,50,Vermont,554
2000,3,VT,50,Vermont,539
2000,4,VT,50,Vermont,587
2001,1,VT,50,Vermont,574
2001,2,VT,50,Vermont,578
2001,3,VT,50,Vermont,566
2001,4,VT,50,Vermont,608
2002,1,VT,50,Vermont,587
2002,2,VT,50,Vermont,590
2002,3,VT,50,Vermont,582
2002,4,VT,50,Vermont,629
2003,1,VT,50,Vermont,599
2003,2,VT,50,Vermont,608
2003,3,VT,50,Vermont,599
2003,4,VT,50,Vermont,661
2004,1,VT,50,Vermont,615
2004,2,VT,50,Vermont,634
2004,3,VT,50,Vermont,633
2004,4,VT,50,Vermont,677
2005,1,VT,50,Vermont,639
2005,2,VT,50,Vermont,645
2005,3,VT,50,Vermont,663
2005,4,VT,50,Vermont,684
2006,1,VT,50,Vermont,688
2006,2,VT,50,Vermont,665
2006,3,VT,50,Vermont,672
2006,4,VT,50,Vermont,708
2007,1,VT,50,Vermont,704
2007,2,VT,50,Vermont,697
2007,3,VT,50,Vermont,699
2007,4,VT,50,Vermont,742
2008,1,VT,50,Vermont,734
2008,2,VT,50,Vermont,718
2008,3,VT,50,Vermont,721
2008,4,VT,50,Vermont,775
2009,1,VT,50,Vermont,719
2009,2,VT,50,Vermont,725
2009,3,VT,50,Vermont,733
2009,4,VT,50,Vermont,805
2010,1,VT,50,Vermont,714
2010,2,VT,50,Vermont,752
2010,3,VT,50,Vermont,753
2010,4,VT,50,Vermont,813
2011,1,VT,50,Vermont,740
2011,2,VT,50,Vermont,772
2011,3,VT,50,Vermont,777
2011,4,VT,50,Vermont,809
2012,1,VT,50,Vermont,773
2012,2,VT,50,Vermont,787
2012,3,VT,50,Vermont,762
2012,4,VT,50,Vermont,829
2013,1,VT,50,Vermont,792
2013,2,VT,50,Vermont,807
2013,3,VT,50,Vermont,787
2013,4,VT,50,Vermont,847
2014,1,VT,50,Vermont,808
2014,2,VT,50,Vermont,813
2014,3,VT,50,Vermont,805
2014,4,VT,50,Vermont,883
2015,1,VT,50,Vermont,824
2015,2,VT,50,Vermont,830
2015,3,VT,50,Vermont,829
2015,4,VT,50,Vermont,919
2016,1,VT,50,Vermont,833
2016,2,VT,50,Vermont,852
2016,3,VT,50,Vermont,881
2016,4,VT,50,Vermont,897
2017,1,VT,50,Vermont,889
2017,2,VT,50,Vermont,870
2000,1,VA,51,Virginia,674
2000,2,VA,51,Virginia,656
2000,3,VA,51,Virginia,664
2000,4,VA,51,Virginia,711
2001,1,VA,51,Virginia,712
2001,2,VA,51,Virginia,698
2001,3,VA,51,Virginia,677
2001,4,VA,51,Virginia,738
2002,1,VA,51,Virginia,717
2002,2,VA,51,Virginia,700
2002,3,VA,51,Virginia,699
2002,4,VA,51,Virginia,747
2003,1,VA,51,Virginia,738
2003,2,VA,51,Virginia,719
2003,3,VA,51,Virginia,724
2003,4,VA,51,Virginia,787
2004,1,VA,51,Virginia,773
2004,2,VA,51,Virginia,746
2004,3,VA,51,Virginia,757
2004,4,VA,51,Virginia,841
2005,1,VA,51,Virginia,794
2005,2,VA,51,Virginia,787
2005,3,VA,51,Virginia,816
2005,4,VA,51,Virginia,855
2006,1,VA,51,Virginia,863
2006,2,VA,51,Virginia,823
2006,3,VA,51,Virginia,816
2006,4,VA,51,Virginia,887
2007,1,VA,51,Virginia,900
2007,2,VA,51,Virginia,859
2007,3,VA,51,Virginia,857
2007,4,VA,51,Virginia,923
2008,1,VA,51,Virginia,919
2008,2,VA,51,Virginia,885
2008,3,VA,51,Virginia,878
2008,4,VA,51,Virginia,953
2009,1,VA,51,Virginia,920
2009,2,VA,51,Virginia,899
2009,3,VA,51,Virginia,896
2009,4,VA,51,Virginia,995
2010,1,VA,51,Virginia,931
2010,2,VA,51,Virginia,929
2010,3,VA,51,Virginia,930
2010,4,VA,51,Virginia,1029
2011,1,VA,51,Virginia,968
2011,2,VA,51,Virginia,949
2011,3,VA,51,Virginia,975
2011,4,VA,51,Virginia,1005
2012,1,VA,51,Virginia,1019
2012,2,VA,51,Virginia,952
2012,3,VA,51,Virginia,960
2012,4,VA,51,Virginia,1042
2013,1,VA,51,Virginia,1027
2013,2,VA,51,Virginia,968
2013,3,VA,51,Virginia,970
2013,4,VA,51,Virginia,1028
2014,1,VA,51,Virginia,1050
2014,2,VA,51,Virginia,976
2014,3,VA,51,Virginia,989
2014,4,VA,51,Virginia,1057
2015,1,VA,51,Virginia,1070
2015,2,VA,51,Virginia,999
2015,3,VA,51,Virginia,1012
2015,4,VA,51,Virginia,1094
2016,1,VA,51,Virginia,1056
2016,2,VA,51,Virginia,1010
2016,3,VA,51,Virginia,1062
2016,4,VA,51,Virginia,1090
2017,1,VA,51,Virginia,1128
2017,2,VA,51,Virginia,1046
2000,1,WA,53,Washington,752
2000,2,WA,53,Washington,698
2000,3,WA,53,Washington,686
2000,4,WA,53,Washington,719
2001,1,WA,53,Washington,722
2001,2,WA,53,Washington,727
2001,3,WA,53,Washington,704
2001,4,WA,53,Washington,729
2002,1,WA,53,Washington,741
2002,2,WA,53,Washington,726
2002,3,WA,53,Washington,726
2002,4,WA,53,Washington,749
2003,1,WA,53,Washington,742
2003,2,WA,53,Washington,747
2003,3,WA,53,Washington,753
2003,4,WA,53,Washington,759
2004,1,WA,53,Washington,748
2004,2,WA,53,Washington,736
2004,3,WA,53,Washington,752
2004,4,WA,53,Washington,790
2005,1,WA,53,Washington,766
2005,2,WA,53,Washington,760
2005,3,WA,53,Washington,801
2005,4,WA,53,Washington,804
2006,1,WA,53,Washington,832
2006,2,WA,53,Washington,798
2006,3,WA,53,Washington,823
2006,4,WA,53,Washington,846
2007,1,WA,53,Washington,867
2007,2,WA,53,Washington,834
2007,3,WA,53,Washington,877
2007,4,WA,53,Washington,885
2008,1,WA,53,Washington,899
2008,2,WA,53,Washington,862
2008,3,WA,53,Washington,904
2008,4,WA,53,Washington,919
2009,1,WA,53,Washington,903
2009,2,WA,53,Washington,880
2009,3,WA,53,Washington,916
2009,4,WA,53,Washington,953
2010,1,WA,53,Washington,900
2010,2,WA,53,Washington,897
2010,3,WA,53,Washington,953
2010,4,WA,53,Washington,981
2011,1,WA,53,Washington,947
2011,2,WA,53,Washington,927
2011,3,WA,53,Washington,1011
2011,4,WA,53,Washington,978
2012,1,WA,53,Washington,1010
2012,2,WA,53,Washington,946
2012,3,WA,53,Washington,1023
2012,4,WA,53,Washington,1017
2013,1,WA,53,Washington,1029
2013,2,WA,53,Washington,970
2013,3,WA,53,Washington,1046
2013,4,WA,53,Washington,1035
2014,1,WA,53,Washington,1068
2014,2,WA,53,Washington,995
2014,3,WA,53,Washington,1087
2014,4,WA,53,Washington,1081
2015,1,WA,53,Washington,1088
2015,2,WA,53,Washington,1028
2015,3,WA,53,Washington,1111
2015,4,WA,53,Washington,1131
2016,1,WA,53,Washington,1119
2016,2,WA,53,Washington,1081
2016,3,WA,53,Washington,1188
2016,4,WA,53,Washington,1150
2017,1,WA,53,Washington,1213
2017,2,WA,53,Washington,1139
2000,1,WV,54,West Virginia,516
2000,2,WV,54,West Virginia,522
2000,3,WV,54,West Virginia,492
2000,4,WV,54,West Virginia,542
2001,1,WV,54,West Virginia,532
2001,2,WV,54,West Virginia,545
2001,3,WV,54,West Virginia,510
2001,4,WV,54,West Virginia,565
2002,1,WV,54,West Virginia,549
2002,2,WV,54,West Virginia,556
2002,3,WV,54,West Virginia,521
2002,4,WV,54,West Virginia,575
2003,1,WV,54,West Virginia,561
2003,2,WV,54,West Virginia,573
2003,3,WV,54,West Virginia,532
2003,4,WV,54,West Virginia,587
2004,1,WV,54,West Virginia,569
2004,2,WV,54,West Virginia,589
2004,3,WV,54,West Virginia,559
2004,4,WV,54,West Virginia,620
2005,1,WV,54,West Virginia,583
2005,2,WV,54,West Virginia,612
2005,3,WV,54,West Virginia,589
2005,4,WV,54,West Virginia,627
2006,1,WV,54,West Virginia,626
2006,2,WV,54,West Virginia,636
2006,3,WV,54,West Virginia,599
2006,4,WV,54,West Virginia,656
2007,1,WV,54,West Virginia,653
2007,2,WV,54,West Virginia,661
2007,3,WV,54,West Virginia,624
2007,4,WV,54,West Virginia,686
2008,1,WV,54,West Virginia,677
2008,2,WV,54,West Virginia,695
2008,3,WV,54,West Virginia,662
2008,4,WV,54,West Virginia,734
2009,1,WV,54,West Virginia,704
2009,2,WV,54,West Virginia,710
2009,3,WV,54,West Virginia,673
2009,4,WV,54,West Virginia,752
2010,1,WV,54,West Virginia,692
2010,2,WV,54,West Virginia,726
2010,3,WV,54,West Virginia,701
2010,4,WV,54,West Virginia,778
2011,1,WV,54,West Virginia,723
2011,2,WV,54,West Virginia,765
2011,3,WV,54,West Virginia,742
2011,4,WV,54,West Virginia,776
2012,1,WV,54,West Virginia,768
2012,2,WV,54,West Virginia,776
2012,3,WV,54,West Virginia,724
2012,4,WV,54,West Virginia,788
2013,1,WV,54,West Virginia,768
2013,2,WV,54,West Virginia,781
2013,3,WV,54,West Virginia,752
2013,4,WV,54,West Virginia,792
2014,1,WV,54,West Virginia,781
2014,2,WV,54,West Virginia,792
2014,3,WV,54,West Virginia,778
2014,4,WV,54,West Virginia,818
2015,1,WV,54,West Virginia,792
2015,2,WV,54,West Virginia,803
2015,3,WV,54,West Virginia,785
2015,4,WV,54,West Virginia,830
2016,1,WV,54,West Virginia,778
2016,2,WV,54,West Virginia,801
2016,3,WV,54,West Virginia,817
2016,4,WV,54,West Virginia,809
2017,1,WV,54,West Virginia,838
2017,2,WV,54,West Virginia,828
2000,1,WI,55,Wisconsin,593
2000,2,WI,55,Wisconsin,577
2000,3,WI,55,Wisconsin,572
2000,4,WI,55,Wisconsin,625
2001,1,WI,55,Wisconsin,608
2001,2,WI,55,Wisconsin,594
2001,3,WI,55,Wisconsin,586
2001,4,WI,55,Wisconsin,639
2002,1,WI,55,Wisconsin,622
2002,2,WI,55,Wisconsin,614
2002,3,WI,55,Wisconsin,605
2002,4,WI,55,Wisconsin,656
2003,1,WI,55,Wisconsin,638
2003,2,WI,55,Wisconsin,627
2003,3,WI,55,Wisconsin,623
2003,4,WI,55,Wisconsin,682
2004,1,WI,55,Wisconsin,657
2004,2,WI,55,Wisconsin,643
2004,3,WI,55,Wisconsin,653
2004,4,WI,55,Wisconsin,719
2005,1,WI,55,Wisconsin,666
2005,2,WI,55,Wisconsin,663
2005,3,WI,55,Wisconsin,686
2005,4,WI,55,Wisconsin,714
2006,1,WI,55,Wisconsin,717
2006,2,WI,55,Wisconsin,684
2006,3,WI,55,Wisconsin,687
2006,4,WI,55,Wisconsin,746
2007,1,WI,55,Wisconsin,744
2007,2,WI,55,Wisconsin,708
2007,3,WI,55,Wisconsin,706
2007,4,WI,55,Wisconsin,770
2008,1,WI,55,Wisconsin,759
2008,2,WI,55,Wisconsin,729
2008,3,WI,55,Wisconsin,729
2008,4,WI,55,Wisconsin,793
2009,1,WI,55,Wisconsin,747
2009,2,WI,55,Wisconsin,728
2009,3,WI,55,Wisconsin,726
2009,4,WI,55,Wisconsin,810
2010,1,WI,55,Wisconsin,740
2010,2,WI,55,Wisconsin,745
2010,3,WI,55,Wisconsin,750
2010,4,WI,55,Wisconsin,837
2011,1,WI,55,Wisconsin,779
2011,2,WI,55,Wisconsin,767
2011,3,WI,55,Wisconsin,791
2011,4,WI,55,Wisconsin,816
2012,1,WI,55,Wisconsin,826
2012,2,WI,55,Wisconsin,778
2012,3,WI,55,Wisconsin,770
2012,4,WI,55,Wisconsin,855
2013,1,WI,55,Wisconsin,832
2013,2,WI,55,Wisconsin,800
2013,3,WI,55,Wisconsin,793
2013,4,WI,55,Wisconsin,865
2014,1,WI,55,Wisconsin,856
2014,2,WI,55,Wisconsin,815
2014,3,WI,55,Wisconsin,806
2014,4,WI,55,Wisconsin,894
2015,1,WI,55,Wisconsin,877
2015,2,WI,55,Wisconsin,836
2015,3,WI,55,Wisconsin,833
2015,4,WI,55,Wisconsin,943
2016,1,WI,55,Wisconsin,874
2016,2,WI,55,Wisconsin,856
2016,3,WI,55,Wisconsin,885
2016,4,WI,55,Wisconsin,923
2017,1,WI,55,Wisconsin,933
2017,2,WI,55,Wisconsin,875
2000,1,WY,56,Wyoming,504
2000,2,WY,56,Wyoming,501
2000,3,WY,56,Wyoming,499
2000,4,WY,56,Wyoming,561
2001,1,WY,56,Wyoming,522
2001,2,WY,56,Wyoming,527
2001,3,WY,56,Wyoming,528
2001,4,WY,56,Wyoming,580
2002,1,WY,56,Wyoming,547
2002,2,WY,56,Wyoming,547
2002,3,WY,56,Wyoming,543
2002,4,WY,56,Wyoming,592
2003,1,WY,56,Wyoming,560
2003,2,WY,56,Wyoming,563
2003,3,WY,56,Wyoming,562
2003,4,WY,56,Wyoming,616
2004,1,WY,56,Wyoming,583
2004,2,WY,56,Wyoming,586
2004,3,WY,56,Wyoming,591
2004,4,WY,56,Wyoming,641
2005,1,WY,56,Wyoming,610
2005,2,WY,56,Wyoming,621
2005,3,WY,56,Wyoming,642
2005,4,WY,56,Wyoming,682
2006,1,WY,56,Wyoming,668
2006,2,WY,56,Wyoming,684
2006,3,WY,56,Wyoming,705
2006,4,WY,56,Wyoming,761
2007,1,WY,56,Wyoming,730
2007,2,WY,56,Wyoming,740
2007,3,WY,56,Wyoming,734
2007,4,WY,56,Wyoming,815
2008,1,WY,56,Wyoming,779
2008,2,WY,56,Wyoming,780
2008,3,WY,56,Wyoming,781
2008,4,WY,56,Wyoming,850
2009,1,WY,56,Wyoming,778
2009,2,WY,56,Wyoming,768
2009,3,WY,56,Wyoming,756
2009,4,WY,56,Wyoming,831
2010,1,WY,56,Wyoming,774
2010,2,WY,56,Wyoming,790
2010,3,WY,56,Wyoming,792
2010,4,WY,56,Wyoming,871
2011,1,WY,56,Wyoming,808
2011,2,WY,56,Wyoming,820
2011,3,WY,56,Wyoming,832
2011,4,WY,56,Wyoming,876
2012,1,WY,56,Wyoming,852
2012,2,WY,56,Wyoming,841
2012,3,WY,56,Wyoming,828
2012,4,WY,56,Wyoming,908
2013,1,WY,56,Wyoming,859
2013,2,WY,56,Wyoming,845
2013,3,WY,56,Wyoming,840
2013,4,WY,56,Wyoming,916
2014,1,WY,56,Wyoming,877
2014,2,WY,56,Wyoming,870
2014,3,WY,56,Wyoming,876
2014,4,WY,56,Wyoming,953
2015,1,WY,56,Wyoming,892
2015,2,WY,56,Wyoming,868
2015,3,WY,56,Wyoming,865
2015,4,WY,56,Wyoming,938
2016,1,WY,56,Wyoming,852
2016,2,WY,56,Wyoming,849
2016,3,WY,56,Wyoming,865
2016,4,WY,56,Wyoming,894
2017,1,WY,56,Wyoming,880
2017,2,WY,56,Wyoming,875
